scope,category,profile,legacy_api,canonical_name,variant,mean_cycles,zp_bytes,stack_page_reserved_bytes,source_path,source_sha256,validation_path,status,notes
shipped-profile,divide,v1_balanced,MATH_SDIV16,div_s16_s16_s16_16,,187.131298,6,0,v1_balanced/standalone/div_s16_s16_s16_16.asm,b476843ad02765ba12d860db5b02065a569120fc5b8d8caed7b9ecfe4c0bab55,benchmarks/PUBLIC_PROFILE_RESULTS.csv,shipped,
shipped-profile,divide,v2_pareto_fast,MATH_SDIV16,div_s16_s16_s16_16,,168.393021,4,0,v2_pareto_fast/standalone/div_s16_s16_s16_16.asm,371fae7db197a70a96eb1832751497712866030ff46a21111472630d00a7cf57,benchmarks/PUBLIC_PROFILE_RESULTS.csv,shipped,
shipped-profile,divide,v3_reu_512k,MATH_SDIV16,div_s16_s16_s16_16,,170.582116,4,0,v3_reu_512k/standalone/div_s16_s16_s16_16.asm,7e550481452f50524ef60ad2e4554c08a731e38e8f9dc9bf339dc5284619a7a3,benchmarks/PUBLIC_PROFILE_RESULTS.csv,shipped,
shipped-profile,divide,v4_reu_16m,MATH_SDIV16,div_s16_s16_s16_16,,168.745038,4,0,v4_reu_16m/standalone/div_s16_s16_s16_16.asm,84b6d8b8737ce79701c32474ec5447d2d4f919b982a2e0ecf9806eca067fa5c6,benchmarks/PUBLIC_PROFILE_RESULTS.csv,shipped,
shipped-profile,divide,v5_hybrid_lowzp,MATH_SDIV16,div_s16_s16_s16_16,,170.631189,4,0,v5_hybrid_lowzp/standalone/div_s16_s16_s16_16.asm,9dd076c99029b1214762d9876238173618da757442f58caa8b13a3cd9d55b802,benchmarks/PUBLIC_PROFILE_RESULTS.csv,shipped,
shipped-profile,divide,v1_balanced,MATH_SDIV16_SHL8,div_s16_s16_s24_16_shl8,,952.471538,12,0,v1_balanced/standalone/div_s16_s16_s24_16_shl8.asm,c2a48b490b7a3b9a03cae167a2c0e80207961635c22606744f82346a6fe06b9e,benchmarks/PUBLIC_PROFILE_RESULTS.csv,shipped,
shipped-profile,divide,v2_pareto_fast,MATH_SDIV16_SHL8,div_s16_s16_s24_16_shl8,,819.067394,16,0,v2_pareto_fast/standalone/div_s16_s16_s24_16_shl8.asm,ce35f9ae62264fc0e0668b4eef0c58c193897e9c92fbd006edaf9e9304eb0601,benchmarks/PUBLIC_PROFILE_RESULTS.csv,shipped,
shipped-profile,divide,v3_reu_512k,MATH_SDIV16_SHL8,div_s16_s16_s24_16_shl8,,817.401091,16,0,v3_reu_512k/standalone/div_s16_s16_s24_16_shl8.asm,75756e9bc7482e513fa7933f2a0faef46975728f6e0416fc2696b4f6bea13275,benchmarks/PUBLIC_PROFILE_RESULTS.csv,shipped,
shipped-profile,divide,v4_reu_16m,MATH_SDIV16_SHL8,div_s16_s16_s24_16_shl8,,816.061505,16,0,v4_reu_16m/standalone/div_s16_s16_s24_16_shl8.asm,4e56b6e24eca57c2c456306cd4b3644d85b7cf17b1b563d82f8f3282fbd825ec,benchmarks/PUBLIC_PROFILE_RESULTS.csv,shipped,
shipped-profile,divide,v5_hybrid_lowzp,MATH_SDIV16_SHL8,div_s16_s16_s24_16_shl8,,953.277863,12,0,v5_hybrid_lowzp/standalone/div_s16_s16_s24_16_shl8.asm,694e8e437da9769565153e8b784970b6bee7981abf727e385950d123f7aa521d,benchmarks/PUBLIC_PROFILE_RESULTS.csv,shipped,
shipped-profile,divide,v1_balanced,MATH_SDIV24,div_s24_s24_s24_24,,313.583206,6,0,v1_balanced/standalone/div_s24_s24_s24_24.asm,e81257c8473b4a501005975ded8aaf95702ee199ce176fdb451a1f8471eab1c6,benchmarks/PUBLIC_PROFILE_RESULTS.csv,shipped,
shipped-profile,divide,v2_pareto_fast,MATH_SDIV24,div_s24_s24_s24_24,,248.344384,9,0,v2_pareto_fast/standalone/div_s24_s24_s24_24.asm,eecb2c464c264f573d71a55f30030b19d55a17bffdcb6256ca99402e69b198af,benchmarks/PUBLIC_PROFILE_RESULTS.csv,shipped,
shipped-profile,divide,v3_reu_512k,MATH_SDIV24,div_s24_s24_s24_24,,236.810251,9,0,v3_reu_512k/standalone/div_s24_s24_s24_24.asm,c34456837b5f9bd24265d7b3108d71ddb1d7a9575402ef49a58a82fb831ca11c,benchmarks/PUBLIC_PROFILE_RESULTS.csv,shipped,
shipped-profile,divide,v4_reu_16m,MATH_SDIV24,div_s24_s24_s24_24,,237.569466,9,0,v4_reu_16m/standalone/div_s24_s24_s24_24.asm,1d6c74ee0a102a46272c15887027d36a88b91f670f2ba80476a973098a32264c,benchmarks/PUBLIC_PROFILE_RESULTS.csv,shipped,
shipped-profile,divide,v5_hybrid_lowzp,MATH_SDIV24,div_s24_s24_s24_24,,253.487023,9,0,v5_hybrid_lowzp/standalone/div_s24_s24_s24_24.asm,744125aafa2f66096df7e44b75c3d365f9a078699f203e960c64d81a921a64db,benchmarks/PUBLIC_PROFILE_RESULTS.csv,shipped,
shipped-profile,divide,v1_balanced,MATH_SDIV32_16,div_s32_s16_s32_16,,955.051690,12,0,v1_balanced/standalone/div_s32_s16_s32_16.asm,e67cc0bc37dfb996a169b06c73f0c5fde9a489c8c19512d0529e35f27f5f27cf,benchmarks/PUBLIC_PROFILE_RESULTS.csv,shipped,
shipped-profile,divide,v2_pareto_fast,MATH_SDIV32_16,div_s32_s16_s32_16,,817.550927,12,0,v2_pareto_fast/standalone/div_s32_s16_s32_16.asm,a8524594282be364a2650f327dc34c71d50c10f769ac011a11631920dad9b74c,benchmarks/PUBLIC_PROFILE_RESULTS.csv,shipped,
shipped-profile,divide,v3_reu_512k,MATH_SDIV32_16,div_s32_s16_s32_16,,817.533479,12,0,v3_reu_512k/standalone/div_s32_s16_s32_16.asm,f523b641d049ebb85162d6ec5f442f48bda3911e74ba932446f4dc1bbb4a1afd,benchmarks/PUBLIC_PROFILE_RESULTS.csv,shipped,
shipped-profile,divide,v4_reu_16m,MATH_SDIV32_16,div_s32_s16_s32_16,,813.759215,12,0,v4_reu_16m/standalone/div_s32_s16_s32_16.asm,d023351d47667cfbe0f284b47337c46a3ccf756c5d083828f06c82e05abf34ae,benchmarks/PUBLIC_PROFILE_RESULTS.csv,shipped,
shipped-profile,divide,v5_hybrid_lowzp,MATH_SDIV32_16,div_s32_s16_s32_16,,958.522137,12,0,v5_hybrid_lowzp/standalone/div_s32_s16_s32_16.asm,985fe5ede13e4537f27e47c271ed7248c629775197f17daa11e2d94ff3b32022,benchmarks/PUBLIC_PROFILE_RESULTS.csv,shipped,
shipped-profile,divide,v1_balanced,MATH_SDIV32_32,div_s32_s32_s32_32,,566.839288,0,0,v1_balanced/standalone/div_s32_s32_s32_32.asm,caa0e3653119b6f46ed97b5e527df7d65bd701eaeb0a728bd113836d98be2c05,benchmarks/PUBLIC_PROFILE_RESULTS.csv,shipped,
shipped-profile,divide,v2_pareto_fast,MATH_SDIV32_32,div_s32_s32_s32_32,,537.452736,8,0,v2_pareto_fast/standalone/div_s32_s32_s32_32.asm,d86c6ff3935f75da4bc14fb51884737f60727870742c5341194aa45278229acc,benchmarks/PUBLIC_PROFILE_RESULTS.csv,shipped,
shipped-profile,divide,v3_reu_512k,MATH_SDIV32_32,div_s32_s32_s32_32,,536.835972,8,0,v3_reu_512k/standalone/div_s32_s32_s32_32.asm,30b7613e9dbca205c41f22d10b6e961e1b3033900b0af67e9042255f34a62d02,benchmarks/PUBLIC_PROFILE_RESULTS.csv,shipped,
shipped-profile,divide,v4_reu_16m,MATH_SDIV32_32,div_s32_s32_s32_32,,537.194633,8,0,v4_reu_16m/standalone/div_s32_s32_s32_32.asm,4b098954fa25e30a899f68078ef64949af4aeef01a9e1eba31ba20c4eb3ea174,benchmarks/PUBLIC_PROFILE_RESULTS.csv,shipped,
shipped-profile,divide,v5_hybrid_lowzp,MATH_SDIV32_32,div_s32_s32_s32_32,,572.005880,0,0,v5_hybrid_lowzp/standalone/div_s32_s32_s32_32.asm,a1bd66fb6c0cb85fa3e3fff267a85d6bbfba9a47342f12e8c34461342b09a834,benchmarks/PUBLIC_PROFILE_RESULTS.csv,shipped,
shipped-profile,divide,v1_balanced,MATH_SDIV8,div_s8_s8_s8_8,,88.372650,1,0,v1_balanced/standalone/div_s8_s8_s8_8.asm,54e90c96c87ae3fb222337c82fb80bb5e9980ca7b7cf7ed81259a4c929de67f4,benchmarks/PUBLIC_PROFILE_RESULTS.csv,shipped,
shipped-profile,divide,v2_pareto_fast,MATH_SDIV8,div_s8_s8_s8_8,,88.372650,1,0,v2_pareto_fast/standalone/div_s8_s8_s8_8.asm,d01f7a4c308edbe3af7ead6052a9971c6141e5a8f5680ae27431ec5034382b9e,benchmarks/PUBLIC_PROFILE_RESULTS.csv,shipped,
shipped-profile,divide,v3_reu_512k,MATH_SDIV8,div_s8_s8_s8_8,,88.372650,1,0,v3_reu_512k/standalone/div_s8_s8_s8_8.asm,a031e40d79b2f645bfeac5e88a589fde6ee59df0d68b3736201a9cb80257601e,benchmarks/PUBLIC_PROFILE_RESULTS.csv,shipped,
shipped-profile,divide,v4_reu_16m,MATH_SDIV8,div_s8_s8_s8_8,,89.009821,1,0,v4_reu_16m/standalone/div_s8_s8_s8_8.asm,bd828f87d8bd9f9a7740436d4ddb8208542bfaefe40c56b818843df5b4b69759,benchmarks/PUBLIC_PROFILE_RESULTS.csv,shipped,
shipped-profile,divide,v5_hybrid_lowzp,MATH_SDIV8,div_s8_s8_s8_8,,90.272098,1,0,v5_hybrid_lowzp/standalone/div_s8_s8_s8_8.asm,c4531e870aa9413481b2e3e7f925a3854ec390e55a37343a4445b56e3c697f9e,benchmarks/PUBLIC_PROFILE_RESULTS.csv,shipped,
shipped-profile,divide,v1_balanced,MATH_UDIV16,div_u16_u16_u16_16,,132.725857,2,0,v1_balanced/standalone/div_u16_u16_u16_16.asm,3f624ae6c34c1513b7b5b7c4f5b2212167ccc264915f8dea4e89c08b9411bf0b,benchmarks/PUBLIC_PROFILE_RESULTS.csv,shipped,
shipped-profile,divide,v2_pareto_fast,MATH_UDIV16,div_u16_u16_u16_16,,127.773827,0,0,v2_pareto_fast/standalone/div_u16_u16_u16_16.asm,d127e18b92a62fd060ecec4656180aadb3d32e360ff3f50b20041c15efc28aec,benchmarks/PUBLIC_PROFILE_RESULTS.csv,shipped,
shipped-profile,divide,v3_reu_512k,MATH_UDIV16,div_u16_u16_u16_16,,125.423943,0,0,v3_reu_512k/standalone/div_u16_u16_u16_16.asm,b183ae5db0cb52352f44508b26926c6dbde3becf941b4dbc011c5d2872977365,benchmarks/PUBLIC_PROFILE_RESULTS.csv,shipped,
shipped-profile,divide,v4_reu_16m,MATH_UDIV16,div_u16_u16_u16_16,,125.625710,0,0,v4_reu_16m/standalone/div_u16_u16_u16_16.asm,90a6afba1bd9d4a63792209a4c8ede0d178df122bac80ed7aa5a6cdedf8111c6,benchmarks/PUBLIC_PROFILE_RESULTS.csv,shipped,
shipped-profile,divide,v5_hybrid_lowzp,MATH_UDIV16,div_u16_u16_u16_16,,126.385862,0,0,v5_hybrid_lowzp/standalone/div_u16_u16_u16_16.asm,68cdc78826994bd2a822e0ffff912f480fc072832859bda4a1d2750efad5ad21,benchmarks/PUBLIC_PROFILE_RESULTS.csv,shipped,
shipped-profile,divide,v1_balanced,MATH_UDIV16_SHL8,div_u16_u16_u24_16_shl8,,877.773617,12,0,v1_balanced/standalone/div_u16_u16_u24_16_shl8.asm,db718052160c9ae5a8111a6aa4fe643ad26853f461228dec0102c2d91254dd2d,benchmarks/PUBLIC_PROFILE_RESULTS.csv,shipped,
shipped-profile,divide,v2_pareto_fast,MATH_UDIV16_SHL8,div_u16_u16_u24_16_shl8,,652.649695,14,0,v2_pareto_fast/standalone/div_u16_u16_u24_16_shl8.asm,30bdff61c00fd4a4e3828760cd1a4a354a676f9903b6cffc2be73fcdd98a8e69,benchmarks/PUBLIC_PROFILE_RESULTS.csv,shipped,
shipped-profile,divide,v3_reu_512k,MATH_UDIV16_SHL8,div_u16_u16_u24_16_shl8,,653.124974,14,0,v3_reu_512k/standalone/div_u16_u16_u24_16_shl8.asm,774e5aa47f3a23e6c90b18afa771a78fea58a82ae7fff56562d888ff01c8a4ac,benchmarks/PUBLIC_PROFILE_RESULTS.csv,shipped,
shipped-profile,divide,v4_reu_16m,MATH_UDIV16_SHL8,div_u16_u16_u24_16_shl8,,652.577740,14,0,v4_reu_16m/standalone/div_u16_u16_u24_16_shl8.asm,228036150d232ae08c7d6e1e3e4a300b15489d4cc18a9d39e6896a81b2f40cab,benchmarks/PUBLIC_PROFILE_RESULTS.csv,shipped,
shipped-profile,divide,v5_hybrid_lowzp,MATH_UDIV16_SHL8,div_u16_u16_u24_16_shl8,,663.298759,10,0,v5_hybrid_lowzp/standalone/div_u16_u16_u24_16_shl8.asm,ba1b7746b3d91b9768a85f1638d853e76e6f6871fde7a2ec96f9d7c7abab9bf7,benchmarks/PUBLIC_PROFILE_RESULTS.csv,shipped,
shipped-profile,divide,v1_balanced,MATH_UDIV24,div_u24_u24_u24_24,,194.156322,3,0,v1_balanced/standalone/div_u24_u24_u24_24.asm,29f9f46b960850474128b43a413c838e35c772decb65815d9c9d66ce74fa04ce,benchmarks/PUBLIC_PROFILE_RESULTS.csv,shipped,
shipped-profile,divide,v2_pareto_fast,MATH_UDIV24,div_u24_u24_u24_24,,154.338944,10,0,v2_pareto_fast/standalone/div_u24_u24_u24_24.asm,59d854a7a5edd5586fb59643134374a22559c31ccfbb444a44cb3725063f586c,benchmarks/PUBLIC_PROFILE_RESULTS.csv,shipped,
shipped-profile,divide,v3_reu_512k,MATH_UDIV24,div_u24_u24_u24_24,,161.653272,10,0,v3_reu_512k/standalone/div_u24_u24_u24_24.asm,4499fa2ba0acd83dc06df90c09927c8ff13469b199ee970c9b79d4c7b58869da,benchmarks/PUBLIC_PROFILE_RESULTS.csv,shipped,
shipped-profile,divide,v4_reu_16m,MATH_UDIV24,div_u24_u24_u24_24,,158.507048,10,0,v4_reu_16m/standalone/div_u24_u24_u24_24.asm,fd378e3340642f68afa55e23c3dcc710c0569de3dc32ab9c9a023815496365dd,benchmarks/PUBLIC_PROFILE_RESULTS.csv,shipped,
shipped-profile,divide,v5_hybrid_lowzp,MATH_UDIV24,div_u24_u24_u24_24,,157.776141,10,0,v5_hybrid_lowzp/standalone/div_u24_u24_u24_24.asm,b52ff0e4f5a2078e35e311408e10e8cb43a74fb21bdfc1c0255d93ba2e101588,benchmarks/PUBLIC_PROFILE_RESULTS.csv,shipped,
shipped-profile,divide,v1_balanced,MATH_UDIV32_16,div_u32_u16_u32_16,,870.340206,12,0,v1_balanced/standalone/div_u32_u16_u32_16.asm,62e3f24739c6c35cdc0c3282bf65ff1ba7bd33c5c51f69d9c0681e1706efdde1,benchmarks/PUBLIC_PROFILE_RESULTS.csv,shipped,
shipped-profile,divide,v2_pareto_fast,MATH_UDIV32_16,div_u32_u16_u32_16,,631.739323,10,0,v2_pareto_fast/standalone/div_u32_u16_u32_16.asm,ecd940423d5f13ecfdbb7ad4a2285339afeaf715619d96e3aa2cd5455f032aab,benchmarks/PUBLIC_PROFILE_RESULTS.csv,shipped,
shipped-profile,divide,v3_reu_512k,MATH_UDIV32_16,div_u32_u16_u32_16,,632.886598,10,0,v3_reu_512k/standalone/div_u32_u16_u32_16.asm,5362d6543484514a88351838a706829c55e724f0360d68feabbdbbeee8b5e664,benchmarks/PUBLIC_PROFILE_RESULTS.csv,shipped,
shipped-profile,divide,v4_reu_16m,MATH_UDIV32_16,div_u32_u16_u32_16,,634.698506,10,0,v4_reu_16m/standalone/div_u32_u16_u32_16.asm,647c8d4800361e50ad3493767b4c6cda446fd0a9f177f94039bb132eeaf79abd,benchmarks/PUBLIC_PROFILE_RESULTS.csv,shipped,
shipped-profile,divide,v5_hybrid_lowzp,MATH_UDIV32_16,div_u32_u16_u32_16,,634.079529,10,0,v5_hybrid_lowzp/standalone/div_u32_u16_u32_16.asm,94d36f7de0a0754e8c42f14035a10c8d84435c07882d8bc60d0abb5db01bdff4,benchmarks/PUBLIC_PROFILE_RESULTS.csv,shipped,
shipped-profile,divide,v1_balanced,MATH_UDIV32_32,div_u32_u32_u32_32,,428.554036,0,0,v1_balanced/standalone/div_u32_u32_u32_32.asm,c51d073b02d43748bc731d81b7c1c9738d868d0a41c19ccf75d142979f7aa851,benchmarks/PUBLIC_PROFILE_RESULTS.csv,shipped,
shipped-profile,divide,v2_pareto_fast,MATH_UDIV32_32,div_u32_u32_u32_32,,212.304220,14,0,v2_pareto_fast/standalone/div_u32_u32_u32_32.asm,071767dde109f8efb722acfbd66dc77316dfe57dd5bc48057d8edc9e5152a987,benchmarks/PUBLIC_PROFILE_RESULTS.csv,shipped,
shipped-profile,divide,v3_reu_512k,MATH_UDIV32_32,div_u32_u32_u32_32,,203.864138,14,0,v3_reu_512k/standalone/div_u32_u32_u32_32.asm,15b1652da0f26fb16fc6fce7df37e20c18fb712bf2fedd8c0c9567c61cdcddde,benchmarks/PUBLIC_PROFILE_RESULTS.csv,shipped,
shipped-profile,divide,v4_reu_16m,MATH_UDIV32_32,div_u32_u32_u32_32,,209.625349,14,0,v4_reu_16m/standalone/div_u32_u32_u32_32.asm,0cde8f539b795d052467f151f8f353cd63ec2d6c82d2b2b24028a0f04e3b90d5,benchmarks/PUBLIC_PROFILE_RESULTS.csv,shipped,
shipped-profile,divide,v5_hybrid_lowzp,MATH_UDIV32_32,div_u32_u32_u32_32,,421.077342,0,0,v5_hybrid_lowzp/standalone/div_u32_u32_u32_32.asm,a056910640e4a414c0ad186755b69af4ed849c87fef3e834df8bfdd78797cfbf,benchmarks/PUBLIC_PROFILE_RESULTS.csv,shipped,
shipped-profile,divide,v1_balanced,MATH_UDIV8,div_u8_u8_u8_8,,59.571976,1,0,v1_balanced/standalone/div_u8_u8_u8_8.asm,d4e417a2cd202ddf6a3b2987976a35a8d48edefe5b011fd5f83518a15b0da237,benchmarks/PUBLIC_PROFILE_RESULTS.csv,shipped,
shipped-profile,divide,v2_pareto_fast,MATH_UDIV8,div_u8_u8_u8_8,,59.383011,1,0,v2_pareto_fast/standalone/div_u8_u8_u8_8.asm,4c11706bd37ed6cdeab13ec6536484a8c1233a9852b65db3dd7c8d677a5ee697,benchmarks/PUBLIC_PROFILE_RESULTS.csv,shipped,
shipped-profile,divide,v3_reu_512k,MATH_UDIV8,div_u8_u8_u8_8,,52.852264,0,0,v3_reu_512k/standalone/div_u8_u8_u8_8.asm,25a7bd882ff229a62c542e932f57ce64b95deb0d94cdbecef2a6cc727eb24727,benchmarks/PUBLIC_PROFILE_RESULTS.csv,shipped,
shipped-profile,divide,v4_reu_16m,MATH_UDIV8,div_u8_u8_u8_8,,52.852264,0,0,v4_reu_16m/standalone/div_u8_u8_u8_8.asm,9d9bbddbb107f14d0c4f341b0d8e0be63300b99a1739408f91a969da1af7a461,benchmarks/PUBLIC_PROFILE_RESULTS.csv,shipped,
shipped-profile,divide,v5_hybrid_lowzp,MATH_UDIV8,div_u8_u8_u8_8,,59.383011,1,0,v5_hybrid_lowzp/standalone/div_u8_u8_u8_8.asm,8e5cc88d34467fb0e0f5adc4433c7e5d0ee980019866de2bc9b6397bb08c6e86,benchmarks/PUBLIC_PROFILE_RESULTS.csv,shipped,
shipped-profile,fixed,v1_balanced,MATH_URECIP16_Q16,recip_u16_u24_q16,,119.994705,3,0,v1_balanced/standalone/recip_u16_u24_q16.asm,b47d2c199a547734d07c365537d7aa9f7e495e651e619c034823f5589c892647,benchmarks/PUBLIC_PROFILE_RESULTS.csv,shipped,
shipped-profile,fixed,v2_pareto_fast,MATH_URECIP16_Q16,recip_u16_u24_q16,,117.958527,16,0,v2_pareto_fast/standalone/recip_u16_u24_q16.asm,9372e9af980f5cca853254f1850c300a53b1ce7f895f3fcd9f46cb105886f559,benchmarks/PUBLIC_PROFILE_RESULTS.csv,shipped,
shipped-profile,fixed,v3_reu_512k,MATH_URECIP16_Q16,recip_u16_u24_q16,,66.233795,0,0,v3_reu_512k/standalone/recip_u16_u24_q16.asm,d1e3c637be8c90221af4dd44c48b8a44f4dc801c193dc63a4c808c92eae0fc68,benchmarks/PUBLIC_PROFILE_RESULTS.csv,shipped,
shipped-profile,fixed,v4_reu_16m,MATH_URECIP16_Q16,recip_u16_u24_q16,,66.233795,0,0,v4_reu_16m/standalone/recip_u16_u24_q16.asm,9e13271ec87da48c7d2d79a63638cdd36591388776d574541594084bb7807992,benchmarks/PUBLIC_PROFILE_RESULTS.csv,shipped,
shipped-profile,fixed,v5_hybrid_lowzp,MATH_URECIP16_Q16,recip_u16_u24_q16,,118.742294,10,0,v5_hybrid_lowzp/standalone/recip_u16_u24_q16.asm,7746fe06f507670537032c87dceb2b936542fee81994cd57a9df78336f59f6aa,benchmarks/PUBLIC_PROFILE_RESULTS.csv,shipped,
shipped-profile,game,v1_balanced,MATH_DIST8_ACCURATE,dist_s8_s8_u8_accurate,,92.085602,0,0,v1_balanced/standalone/dist_s8_s8_u8_accurate.asm,863d29d14b334bd251e6615780480f26bfaae55f0414d14187343b4966912049,benchmarks/PUBLIC_PROFILE_RESULTS.csv,shipped,
shipped-profile,game,v2_pareto_fast,MATH_DIST8_ACCURATE,dist_s8_s8_u8_accurate,,85.570038,2,0,v2_pareto_fast/standalone/dist_s8_s8_u8_accurate.asm,06fc04c0ad3ec2d30a8eccea2c05c55d6a292aa8d4471fef4336b1651fd619f9,benchmarks/PUBLIC_PROFILE_RESULTS.csv,shipped,
shipped-profile,game,v3_reu_512k,MATH_DIST8_ACCURATE,dist_s8_s8_u8_accurate,,85.070038,2,0,v3_reu_512k/standalone/dist_s8_s8_u8_accurate.asm,05eec02be8cfe537b641277a7710760be6d6c686d827f97f0f1dddaac4c7b410,benchmarks/PUBLIC_PROFILE_RESULTS.csv,shipped,
shipped-profile,game,v4_reu_16m,MATH_DIST8_ACCURATE,dist_s8_s8_u8_accurate,,85.070038,2,0,v4_reu_16m/standalone/dist_s8_s8_u8_accurate.asm,099c7d44684e6970e554fd30b6dfb30c788e524afefe028dbf0a7342a72d35da,benchmarks/PUBLIC_PROFILE_RESULTS.csv,shipped,
shipped-profile,game,v5_hybrid_lowzp,MATH_DIST8_ACCURATE,dist_s8_s8_u8_accurate,,92.085602,0,0,v5_hybrid_lowzp/standalone/dist_s8_s8_u8_accurate.asm,0b1ffb6520477c412e41d42f5e3c1fa030ec0e78049319ff19988274b48f17b2,benchmarks/PUBLIC_PROFILE_RESULTS.csv,shipped,
shipped-profile,game,v1_balanced,MATH_DIST8_FAST,dist_s8_s8_u8_fast,,86.085602,0,0,v1_balanced/standalone/dist_s8_s8_u8_fast.asm,8a996dfbfe41749dc1dddb6f6b090a279a99d376af93b029641f291fddda0505,benchmarks/PUBLIC_PROFILE_RESULTS.csv,shipped,
shipped-profile,game,v2_pareto_fast,MATH_DIST8_FAST,dist_s8_s8_u8_fast,,79.570038,2,0,v2_pareto_fast/standalone/dist_s8_s8_u8_fast.asm,a121badda9d8ac8c1dcfd45a7b822352139f87a02045ce0e6f79a556783736c0,benchmarks/PUBLIC_PROFILE_RESULTS.csv,shipped,
shipped-profile,game,v3_reu_512k,MATH_DIST8_FAST,dist_s8_s8_u8_fast,,79.070038,2,0,v3_reu_512k/standalone/dist_s8_s8_u8_fast.asm,1804597aee5f5a5426e77b2d998a2bee1a164b2bdc116fc4463d7d461d77d975,benchmarks/PUBLIC_PROFILE_RESULTS.csv,shipped,
shipped-profile,game,v4_reu_16m,MATH_DIST8_FAST,dist_s8_s8_u8_fast,,79.070038,2,0,v4_reu_16m/standalone/dist_s8_s8_u8_fast.asm,6cb6498c203acbfe7afe7866e12091753628c4da9db1a0b5b2bc46178965cce3,benchmarks/PUBLIC_PROFILE_RESULTS.csv,shipped,
shipped-profile,game,v5_hybrid_lowzp,MATH_DIST8_FAST,dist_s8_s8_u8_fast,,86.085602,0,0,v5_hybrid_lowzp/standalone/dist_s8_s8_u8_fast.asm,d4702cff83bd89b38ce62fd9da5faaff6a7a90d1a19032f6f1e231d08321f4ca,benchmarks/PUBLIC_PROFILE_RESULTS.csv,shipped,
shipped-profile,modulo,v1_balanced,MATH_SMOD16,mod_s16_s16_s16,,229.324910,6,0,v1_balanced/standalone/mod_s16_s16_s16__math_smod16.asm,4671c4377752609be64ec8c9f4bdbacaef339451b81700291a67d9e69ab78a54,benchmarks/PUBLIC_PROFILE_RESULTS.csv,shipped,alias_of=MATH_SDIV16
shipped-profile,modulo,v2_pareto_fast,MATH_SMOD16,mod_s16_s16_s16,,231.872202,4,0,v2_pareto_fast/standalone/mod_s16_s16_s16__math_smod16.asm,07b8b167ef3c16915d0fce2c482798527572f9cd0094e56cb76e77f871b27bae,benchmarks/PUBLIC_PROFILE_RESULTS.csv,shipped,alias_of=MATH_SDIV16
shipped-profile,modulo,v3_reu_512k,MATH_SMOD16,mod_s16_s16_s16,,234.659206,4,0,v3_reu_512k/standalone/mod_s16_s16_s16__math_smod16.asm,7a78f18d7661f7b52b526888cbae47dc4b60012a8abcef5f1218315fc54ab703,benchmarks/PUBLIC_PROFILE_RESULTS.csv,shipped,alias_of=MATH_SDIV16
shipped-profile,modulo,v4_reu_16m,MATH_SMOD16,mod_s16_s16_s16,,228.244765,4,0,v4_reu_16m/standalone/mod_s16_s16_s16__math_smod16.asm,c2ff718906f32b98b09a6ab75fdf71ffcc23cea1a4538e2fd048a62ff29d23f9,benchmarks/PUBLIC_PROFILE_RESULTS.csv,shipped,alias_of=MATH_SDIV16
shipped-profile,modulo,v5_hybrid_lowzp,MATH_SMOD16,mod_s16_s16_s16,,231.667148,4,0,v5_hybrid_lowzp/standalone/mod_s16_s16_s16__math_smod16.asm,177c5dc4e3f987b9d3747a056076c803a46b6ab59bb3f6b96e1d1a2c8985b3b6,benchmarks/PUBLIC_PROFILE_RESULTS.csv,shipped,alias_of=MATH_SDIV16
shipped-profile,modulo,v1_balanced,MATH_SMOD24,mod_s24_s24_s24,,427.272924,6,0,v1_balanced/standalone/mod_s24_s24_s24__math_smod24.asm,d646bfa057d7b3f4827ad650f3a360a3874a841e369043c79348de5e89794b76,benchmarks/PUBLIC_PROFILE_RESULTS.csv,shipped,alias_of=MATH_SDIV24
shipped-profile,modulo,v2_pareto_fast,MATH_SMOD24,mod_s24_s24_s24,,337.075090,9,0,v2_pareto_fast/standalone/mod_s24_s24_s24__math_smod24.asm,a9efa97338a6527a033f96f2a4ee72fa8fa65ac6a87fec8c10bcb665b25131b6,benchmarks/PUBLIC_PROFILE_RESULTS.csv,shipped,alias_of=MATH_SDIV24
shipped-profile,modulo,v3_reu_512k,MATH_SMOD24,mod_s24_s24_s24,,329.971841,9,0,v3_reu_512k/standalone/mod_s24_s24_s24__math_smod24.asm,7155fcc4d7ec1c15bba76441196dd5bf1a47a6d81ac5eb3eaeca25bcdb595ec8,benchmarks/PUBLIC_PROFILE_RESULTS.csv,shipped,alias_of=MATH_SDIV24
shipped-profile,modulo,v4_reu_16m,MATH_SMOD24,mod_s24_s24_s24,,326.184838,9,0,v4_reu_16m/standalone/mod_s24_s24_s24__math_smod24.asm,4f4b38c09ba457ff419d2245f2fd369e563ae53e855f0591a4288a4447abaea0,benchmarks/PUBLIC_PROFILE_RESULTS.csv,shipped,alias_of=MATH_SDIV24
shipped-profile,modulo,v5_hybrid_lowzp,MATH_SMOD24,mod_s24_s24_s24,,339.607942,9,0,v5_hybrid_lowzp/standalone/mod_s24_s24_s24__math_smod24.asm,6f00fc4e03ef8a7941f999a24114e3d91d7ffcd962d99f98e8cd79fcd82293d2,benchmarks/PUBLIC_PROFILE_RESULTS.csv,shipped,alias_of=MATH_SDIV24
shipped-profile,modulo,v1_balanced,MATH_SMOD32_16,mod_s32_s16_s16,,1061.083032,12,0,v1_balanced/standalone/mod_s32_s16_s16__math_smod32_16.asm,bce4095d38dc5d26daab047a7a726952b1e740f0d9b315b1091c879cd80df1c2,benchmarks/PUBLIC_PROFILE_RESULTS.csv,shipped,alias_of=MATH_SDIV32_16
shipped-profile,modulo,v2_pareto_fast,MATH_SMOD32_16,mod_s32_s16_s16,,848.623105,12,0,v2_pareto_fast/standalone/mod_s32_s16_s16__math_smod32_16.asm,5fc50a51cdddca30f94bad497948d725f92439719baa42d676628c4403167505,benchmarks/PUBLIC_PROFILE_RESULTS.csv,shipped,alias_of=MATH_SDIV32_16
shipped-profile,modulo,v3_reu_512k,MATH_SMOD32_16,mod_s32_s16_s16,,850.511191,12,0,v3_reu_512k/standalone/mod_s32_s16_s16__math_smod32_16.asm,086bec2bffcaba83df1a9197c1aebb9d91a7844b705e68641c5c111b1816a521,benchmarks/PUBLIC_PROFILE_RESULTS.csv,shipped,alias_of=MATH_SDIV32_16
shipped-profile,modulo,v4_reu_16m,MATH_SMOD32_16,mod_s32_s16_s16,,848.283755,12,0,v4_reu_16m/standalone/mod_s32_s16_s16__math_smod32_16.asm,a82c20c8ec2fc4ab28131069cf6f696bb8db561f7deca682d1fae1f27ec47fba,benchmarks/PUBLIC_PROFILE_RESULTS.csv,shipped,alias_of=MATH_SDIV32_16
shipped-profile,modulo,v5_hybrid_lowzp,MATH_SMOD32_16,mod_s32_s16_s16,,1061.475812,12,0,v5_hybrid_lowzp/standalone/mod_s32_s16_s16__math_smod32_16.asm,ff4538afdbbb47dfde0574018425a46420f4b16c2398c2d7421f895966d548c0,benchmarks/PUBLIC_PROFILE_RESULTS.csv,shipped,alias_of=MATH_SDIV32_16
shipped-profile,modulo,v1_balanced,MATH_SMOD32_32,mod_s32_s32_s32,,766.253430,0,0,v1_balanced/standalone/mod_s32_s32_s32__math_smod32_32.asm,ece5f0dbe0acdab0ec50c505aa13e9b8862582de84c4c1a2951afad29fdc30ae,benchmarks/PUBLIC_PROFILE_RESULTS.csv,shipped,alias_of=MATH_SDIV32_32
shipped-profile,modulo,v2_pareto_fast,MATH_SMOD32_32,mod_s32_s32_s32,,730.251986,8,0,v2_pareto_fast/standalone/mod_s32_s32_s32__math_smod32_32.asm,1076cc44509e9094f2b165bc893b52346b039873b770876facc176127dde4c96,benchmarks/PUBLIC_PROFILE_RESULTS.csv,shipped,alias_of=MATH_SDIV32_32
shipped-profile,modulo,v3_reu_512k,MATH_SMOD32_32,mod_s32_s32_s32,,726.236101,8,0,v3_reu_512k/standalone/mod_s32_s32_s32__math_smod32_32.asm,ea7b60f5323707b60f361baf56689e0bd53826abf81ab75dedd30e9e7473135a,benchmarks/PUBLIC_PROFILE_RESULTS.csv,shipped,alias_of=MATH_SDIV32_32
shipped-profile,modulo,v4_reu_16m,MATH_SMOD32_32,mod_s32_s32_s32,,739.102527,8,0,v4_reu_16m/standalone/mod_s32_s32_s32__math_smod32_32.asm,1b6155b94edd4d9ad13f86870c465a551269da0e69b02374f7d35053ec113309,benchmarks/PUBLIC_PROFILE_RESULTS.csv,shipped,alias_of=MATH_SDIV32_32
shipped-profile,modulo,v5_hybrid_lowzp,MATH_SMOD32_32,mod_s32_s32_s32,,765.857040,0,0,v5_hybrid_lowzp/standalone/mod_s32_s32_s32__math_smod32_32.asm,2635b883f886bb29fa2ac258e71e708ac90bf7a96e5272b6dc24f0938af0be9a,benchmarks/PUBLIC_PROFILE_RESULTS.csv,shipped,alias_of=MATH_SDIV32_32
shipped-profile,modulo,v1_balanced,MATH_SMOD8,mod_s8_s8_s8,,98.157813,1,0,v1_balanced/standalone/mod_s8_s8_s8__math_smod8.asm,f40d06358cfa9c425fd9741eeace7aca31495b2527a8a5412dd78549a87b3dde,benchmarks/PUBLIC_PROFILE_RESULTS.csv,shipped,alias_of=MATH_SDIV8
shipped-profile,modulo,v2_pareto_fast,MATH_SMOD8,mod_s8_s8_s8,,97.066406,1,0,v2_pareto_fast/standalone/mod_s8_s8_s8__math_smod8.asm,690c48b2d5c1a074407e63333e99153969c79a963bb9af72dfec562959a3374c,benchmarks/PUBLIC_PROFILE_RESULTS.csv,shipped,alias_of=MATH_SDIV8
shipped-profile,modulo,v3_reu_512k,MATH_SMOD8,mod_s8_s8_s8,,97.152344,1,0,v3_reu_512k/standalone/mod_s8_s8_s8__math_smod8.asm,075e1e412e09463cb7cae4c62cab13de4a3a956d2055f34af47e6b6bf8f3ab5a,benchmarks/PUBLIC_PROFILE_RESULTS.csv,shipped,alias_of=MATH_SDIV8
shipped-profile,modulo,v4_reu_16m,MATH_SMOD8,mod_s8_s8_s8,,99.020313,1,0,v4_reu_16m/standalone/mod_s8_s8_s8__math_smod8.asm,2871d877f6b4985b30eca53868facdb5795eebe53540c7f038a7309dfbd9872d,benchmarks/PUBLIC_PROFILE_RESULTS.csv,shipped,alias_of=MATH_SDIV8
shipped-profile,modulo,v5_hybrid_lowzp,MATH_SMOD8,mod_s8_s8_s8,,96.707813,1,0,v5_hybrid_lowzp/standalone/mod_s8_s8_s8__math_smod8.asm,20aeedeeb2ebfac19c0935256cfc92e7a6e5b8de135aa18d29f28838b5d5670d,benchmarks/PUBLIC_PROFILE_RESULTS.csv,shipped,alias_of=MATH_SDIV8
shipped-profile,modulo,v1_balanced,MATH_UMOD16,mod_u16_u16_u16,,184.082421,2,0,v1_balanced/standalone/mod_u16_u16_u16__math_umod16.asm,851117117460602b0531f500e00c83cf72b333745754090d605fda5cab18eb88,benchmarks/PUBLIC_PROFILE_RESULTS.csv,shipped,alias_of=MATH_UDIV16
shipped-profile,modulo,v2_pareto_fast,MATH_UMOD16,mod_u16_u16_u16,,195.951706,0,0,v2_pareto_fast/standalone/mod_u16_u16_u16__math_umod16.asm,40dad7d9e95281c5340a3eb82534c0eed8ff6ade2d1d35e771e2ad7a3b7b414d,benchmarks/PUBLIC_PROFILE_RESULTS.csv,shipped,alias_of=MATH_UDIV16
shipped-profile,modulo,v3_reu_512k,MATH_UMOD16,mod_u16_u16_u16,,196.414681,0,0,v3_reu_512k/standalone/mod_u16_u16_u16__math_umod16.asm,19b5400b2a5ca12260c2c8b9966b37d5e91c3520257bc49592ee0956d969d08c,benchmarks/PUBLIC_PROFILE_RESULTS.csv,shipped,alias_of=MATH_UDIV16
shipped-profile,modulo,v4_reu_16m,MATH_UMOD16,mod_u16_u16_u16,,195.529942,0,0,v4_reu_16m/standalone/mod_u16_u16_u16__math_umod16.asm,39a45345d36fcd9e4fe90df057ebee5fd858b59c768cbe5d867550204f32b24b,benchmarks/PUBLIC_PROFILE_RESULTS.csv,shipped,alias_of=MATH_UDIV16
shipped-profile,modulo,v5_hybrid_lowzp,MATH_UMOD16,mod_u16_u16_u16,,199.918867,0,0,v5_hybrid_lowzp/standalone/mod_u16_u16_u16__math_umod16.asm,73657de943dbbf340b21111b9f2db7cc56f02b8865e9902a83f2d45be3dc6008,benchmarks/PUBLIC_PROFILE_RESULTS.csv,shipped,alias_of=MATH_UDIV16
shipped-profile,modulo,v1_balanced,MATH_UMOD24,mod_u24_u24_u24,,303.233097,3,0,v1_balanced/standalone/mod_u24_u24_u24__math_umod24.asm,a917bbd2a11f9735850c81dfa19f0073800872e80038931c2255576e6a40cf40,benchmarks/PUBLIC_PROFILE_RESULTS.csv,shipped,alias_of=MATH_UDIV24
shipped-profile,modulo,v2_pareto_fast,MATH_UMOD24,mod_u24_u24_u24,,205.325821,10,0,v2_pareto_fast/standalone/mod_u24_u24_u24__math_umod24.asm,a3d9d3f8a4a5be8b29d9cd7594f69021ec6b5ccd6195e4c7d9438f612e05dac0,benchmarks/PUBLIC_PROFILE_RESULTS.csv,shipped,alias_of=MATH_UDIV24
shipped-profile,modulo,v3_reu_512k,MATH_UMOD24,mod_u24_u24_u24,,207.136510,10,0,v3_reu_512k/standalone/mod_u24_u24_u24__math_umod24.asm,bedbf40a73c2d8cbbf8588d50527570b01606d44d3a2cf8c5fb11d3e6879a657,benchmarks/PUBLIC_PROFILE_RESULTS.csv,shipped,alias_of=MATH_UDIV24
shipped-profile,modulo,v4_reu_16m,MATH_UMOD24,mod_u24_u24_u24,,205.247263,10,0,v4_reu_16m/standalone/mod_u24_u24_u24__math_umod24.asm,e3c941f0ecd28a03a518d4bb06eb9ff6a65e8e13b6b94d756f650ee96dee99ef,benchmarks/PUBLIC_PROFILE_RESULTS.csv,shipped,alias_of=MATH_UDIV24
shipped-profile,modulo,v5_hybrid_lowzp,MATH_UMOD24,mod_u24_u24_u24,,211.248551,10,0,v5_hybrid_lowzp/standalone/mod_u24_u24_u24__math_umod24.asm,3a54be968235a79e745d9a79b075d0223c70730914a09ec7f05a89234f65ab57,benchmarks/PUBLIC_PROFILE_RESULTS.csv,shipped,alias_of=MATH_UDIV24
shipped-profile,modulo,v1_balanced,MATH_UMOD32_16,mod_u32_u16_u16,,971.613651,12,0,v1_balanced/standalone/mod_u32_u16_u16__math_umod32_16.asm,cbbf0c5b2466c2ce04308aadef08988a9ad34bbf6537dda03819c44226779c77,benchmarks/PUBLIC_PROFILE_RESULTS.csv,shipped,alias_of=MATH_UDIV32_16
shipped-profile,modulo,v2_pareto_fast,MATH_UMOD32_16,mod_u32_u16_u16,,629.783001,10,0,v2_pareto_fast/standalone/mod_u32_u16_u16__math_umod32_16.asm,fa602eed27c9aaeb440c6200bbb1e35b36106b6385f2d3637c0755ee0d10011e,benchmarks/PUBLIC_PROFILE_RESULTS.csv,shipped,alias_of=MATH_UDIV32_16
shipped-profile,modulo,v3_reu_512k,MATH_UMOD32_16,mod_u32_u16_u16,,625.840953,10,0,v3_reu_512k/standalone/mod_u32_u16_u16__math_umod32_16.asm,2c01458884ab7eef3d8682b921cf75afcdd618c46d5c812bb56e56e85328f6e4,benchmarks/PUBLIC_PROFILE_RESULTS.csv,shipped,alias_of=MATH_UDIV32_16
shipped-profile,modulo,v4_reu_16m,MATH_UMOD32_16,mod_u32_u16_u16,,626.014810,10,0,v4_reu_16m/standalone/mod_u32_u16_u16__math_umod32_16.asm,a1e57f9ae0b1cba5dc739007a9c4543214b133fa0ff0d34e7d2f549f788d3ebb,benchmarks/PUBLIC_PROFILE_RESULTS.csv,shipped,alias_of=MATH_UDIV32_16
shipped-profile,modulo,v5_hybrid_lowzp,MATH_UMOD32_16,mod_u32_u16_u16,,626.658725,10,0,v5_hybrid_lowzp/standalone/mod_u32_u16_u16__math_umod32_16.asm,440d30980df35c6c193ed5c499e8ec65273227054d1a0d775b1a78c325dc884c,benchmarks/PUBLIC_PROFILE_RESULTS.csv,shipped,alias_of=MATH_UDIV32_16
shipped-profile,modulo,v1_balanced,MATH_UMOD32_32,mod_u32_u32_u32,,552.220863,0,0,v1_balanced/standalone/mod_u32_u32_u32__math_umod32_32.asm,caa8a63c9bf0d2ec44828cee16acb1147ae1e0be1fc5ce324c73bbf1fe65c872,benchmarks/PUBLIC_PROFILE_RESULTS.csv,shipped,alias_of=MATH_UDIV32_32
shipped-profile,modulo,v2_pareto_fast,MATH_UMOD32_32,mod_u32_u32_u32,,290.452028,14,0,v2_pareto_fast/standalone/mod_u32_u32_u32__math_umod32_32.asm,14a352a7727dee5ccf1d12aad5f8b7eed23daff76ea2e4a131d6327a886d6b9a,benchmarks/PUBLIC_PROFILE_RESULTS.csv,shipped,alias_of=MATH_UDIV32_32
shipped-profile,modulo,v3_reu_512k,MATH_UMOD32_32,mod_u32_u32_u32,,287.455248,14,0,v3_reu_512k/standalone/mod_u32_u32_u32__math_umod32_32.asm,94f2240c26981dbdd93b8be3fca8638a63873e21c6e821fbd65ee09addaacfdd,benchmarks/PUBLIC_PROFILE_RESULTS.csv,shipped,alias_of=MATH_UDIV32_32
shipped-profile,modulo,v4_reu_16m,MATH_UMOD32_32,mod_u32_u32_u32,,285.637476,14,0,v4_reu_16m/standalone/mod_u32_u32_u32__math_umod32_32.asm,eceb084fe05b3859a4a8ea79a3e5a5e0076ab541249ee148a098254132e51cd2,benchmarks/PUBLIC_PROFILE_RESULTS.csv,shipped,alias_of=MATH_UDIV32_32
shipped-profile,modulo,v5_hybrid_lowzp,MATH_UMOD32_32,mod_u32_u32_u32,,548.000000,0,0,v5_hybrid_lowzp/standalone/mod_u32_u32_u32__math_umod32_32.asm,151687f43c73c5e5e68cf2df0266d4bdfd377f7b7c8547a924cf96ff6ae82b7e,benchmarks/PUBLIC_PROFILE_RESULTS.csv,shipped,alias_of=MATH_UDIV32_32
shipped-profile,modulo,v1_balanced,MATH_UMOD8,mod_u8_u8_u8,,67.167555,2,0,v1_balanced/standalone/mod_u8_u8_u8.asm,7128e7e0598e40ee4d613395c2b26ca85672e278ccde73587ebc988d59402f1a,benchmarks/PUBLIC_PROFILE_RESULTS.csv,shipped,
shipped-profile,modulo,v2_pareto_fast,MATH_UMOD8,mod_u8_u8_u8,,67.284844,2,0,v2_pareto_fast/standalone/mod_u8_u8_u8.asm,950130789c79776711ce8e5c7f15472a8fe2951ae4cedbbc5e81aa13c374da9b,benchmarks/PUBLIC_PROFILE_RESULTS.csv,shipped,
shipped-profile,modulo,v3_reu_512k,MATH_UMOD8,mod_u8_u8_u8,,49.712110,0,0,v3_reu_512k/standalone/mod_u8_u8_u8.asm,a670dfe6915982223eb14965c0cebac93b630bc0cae74c102c64ccfdcaecd8c3,benchmarks/PUBLIC_PROFILE_RESULTS.csv,shipped,
shipped-profile,modulo,v4_reu_16m,MATH_UMOD8,mod_u8_u8_u8,,49.725819,0,0,v4_reu_16m/standalone/mod_u8_u8_u8.asm,2c9a847f50a8fa8d2979b5fc11e1aac9b6f70ed1e52bc2a20436303b78e36bc3,benchmarks/PUBLIC_PROFILE_RESULTS.csv,shipped,
shipped-profile,modulo,v5_hybrid_lowzp,MATH_UMOD8,mod_u8_u8_u8,,68.523229,2,0,v5_hybrid_lowzp/standalone/mod_u8_u8_u8.asm,f1e6918bee5a94c4c70b08dff1ac52b4bc5db2cfa612b1a24de46bbc6d563185,benchmarks/PUBLIC_PROFILE_RESULTS.csv,shipped,
standalone-alternative,movement,,,seek_u16_u8_dda,init,470.625408,24,0,routines/movement/seek_u16_u8_dda.asm,942e35ce0d2b2c721ad4771dfc029e3a84dc616816232fe917992080818ce75b,validation/movement/SEEK_DDA_BENCHMARK.json,validated standalone / library MATH_SEEK16_*,seek16_init; IO block 24 B (ZP recommended); 248 B state for 8 slots
standalone-alternative,movement,,,seek_u16_u8_dda,init_euclid,913.789216,24,0,routines/movement/seek_u16_u8_dda.asm,942e35ce0d2b2c721ad4771dfc029e3a84dc616816232fe917992080818ce75b,validation/movement/SEEK_DDA_BENCHMARK.json,validated standalone / library MATH_SEEK16_*,seek16_init with speed bit 15 set; constant Euclidean speed within 0.7%
standalone-alternative,movement,,,seek_u16_u8_dda,step,115.453991,24,0,routines/movement/seek_u16_u8_dda.asm,942e35ce0d2b2c721ad4771dfc029e3a84dc616816232fe917992080818ce75b,validation/movement/SEEK_DDA_BENCHMARK.json,validated standalone / library MATH_SEEK16_*,seek16_step; exact Bresenham path and arrival; no scratch
standalone-alternative,movement,,,seek_u16_u8_dda,step1,95.183384,24,0,routines/movement/seek_u16_u8_dda.asm,942e35ce0d2b2c721ad4771dfc029e3a84dc616816232fe917992080818ce75b,validation/movement/SEEK_DDA_BENCHMARK.json,validated standalone / library MATH_SEEK16_*,seek16_step1; NMOS DCP; exact Bresenham path and arrival; no scratch
standalone-alternative,movement,,,seek_u16_u8_dda,step_int,100.654782,24,0,routines/movement/seek_u16_u8_dda.asm,942e35ce0d2b2c721ad4771dfc029e3a84dc616816232fe917992080818ce75b,validation/movement/SEEK_DDA_BENCHMARK.json,validated standalone / library MATH_SEEK16_*,seek16_step_int; exact Bresenham path and arrival; no scratch
shipped-profile,movement,v1_balanced,MATH_SEEK16_INIT,seek_u16_u8_init,,783.201389,0,0,v1_balanced/standalone/seek_u16_u8_init.asm,8e7eb619deb4cb14d8e66d8e01ef6d69a7172f3b683b6e4bb7c5768572a8b8ce,benchmarks/PUBLIC_PROFILE_RESULTS.csv,shipped,
shipped-profile,movement,v2_pareto_fast,MATH_SEEK16_INIT,seek_u16_u8_init,,702.713848,18,0,v2_pareto_fast/standalone/seek_u16_u8_init.asm,85a5df0553931b392b648626f690d58cb07c3ed9a5f320a8009c3f8d4e0a0091,benchmarks/PUBLIC_PROFILE_RESULTS.csv,shipped,
shipped-profile,movement,v3_reu_512k,MATH_SEEK16_INIT,seek_u16_u8_init,,701.543505,18,0,v3_reu_512k/standalone/seek_u16_u8_init.asm,c3ee2d0cff6e2183046242544223928d3e23854455316ca875d1aab8e9a14eb9,benchmarks/PUBLIC_PROFILE_RESULTS.csv,shipped,
shipped-profile,movement,v4_reu_16m,MATH_SEEK16_INIT,seek_u16_u8_init,,701.543505,18,0,v4_reu_16m/standalone/seek_u16_u8_init.asm,be5faa8296de29b28fe8ff4e4d53ffb7afe1f74cda412a99672e07658faf0222,benchmarks/PUBLIC_PROFILE_RESULTS.csv,shipped,
shipped-profile,movement,v5_hybrid_lowzp,MATH_SEEK16_INIT,seek_u16_u8_init,,783.201389,0,0,v5_hybrid_lowzp/standalone/seek_u16_u8_init.asm,f239c9c243a5709d2501ba052d0ba372d0cf719eb15d07087fd5653e5764f152,benchmarks/PUBLIC_PROFILE_RESULTS.csv,shipped,
shipped-profile,movement,v1_balanced,MATH_SEEK16_STEP,seek_u16_u8_step,,118.277360,0,0,v1_balanced/standalone/seek_u16_u8_step.asm,13ca44a1cae3ef156c85dbf79d16b317c3b05e4671c86e3dab34f09854abe225,benchmarks/PUBLIC_PROFILE_RESULTS.csv,shipped,
shipped-profile,movement,v2_pareto_fast,MATH_SEEK16_STEP,seek_u16_u8_step,,118.688882,0,0,v2_pareto_fast/standalone/seek_u16_u8_step.asm,0dfa48b2dcc9093c62057158ee7a94a4b34fa4bbb89c4b75ed3e228dbd19e631,benchmarks/PUBLIC_PROFILE_RESULTS.csv,shipped,
shipped-profile,movement,v3_reu_512k,MATH_SEEK16_STEP,seek_u16_u8_step,,118.277360,0,0,v3_reu_512k/standalone/seek_u16_u8_step.asm,77dbffc25b41febac12c98108bd62d92ff37796be865abf2f9d927d3ee81d9ab,benchmarks/PUBLIC_PROFILE_RESULTS.csv,shipped,
shipped-profile,movement,v4_reu_16m,MATH_SEEK16_STEP,seek_u16_u8_step,,118.277360,0,0,v4_reu_16m/standalone/seek_u16_u8_step.asm,c6256a63c40b6210270f249300aee38f1d8dac06f9da304d95aac8e6374bc0cf,benchmarks/PUBLIC_PROFILE_RESULTS.csv,shipped,
shipped-profile,movement,v5_hybrid_lowzp,MATH_SEEK16_STEP,seek_u16_u8_step,,118.277360,0,0,v5_hybrid_lowzp/standalone/seek_u16_u8_step.asm,f0ae37d8f8ec521c487cd7e66ee14b5782d7dbc3fc4703f163bc3b88f7ae17e5,benchmarks/PUBLIC_PROFILE_RESULTS.csv,shipped,
shipped-profile,movement,v1_balanced,MATH_SEEK16_STEP1,seek_u16_u8_step1,,98.183384,0,0,v1_balanced/standalone/seek_u16_u8_step1.asm,f9845af13f3b5d3a3cd980db598069cb4d84e9d57474b5d174a6b63bb8a46627,benchmarks/PUBLIC_PROFILE_RESULTS.csv,shipped,
shipped-profile,movement,v2_pareto_fast,MATH_SEEK16_STEP1,seek_u16_u8_step1,,98.183384,0,0,v2_pareto_fast/standalone/seek_u16_u8_step1.asm,deab554b889bd565312af5542c48a06950b1da6524f43e119a40bd493c4bdff2,benchmarks/PUBLIC_PROFILE_RESULTS.csv,shipped,
shipped-profile,movement,v3_reu_512k,MATH_SEEK16_STEP1,seek_u16_u8_step1,,98.183384,0,0,v3_reu_512k/standalone/seek_u16_u8_step1.asm,2d324dfd6f5082b2d501902eab9ca83f505940fe2ce3c87ff33d763190ffae77,benchmarks/PUBLIC_PROFILE_RESULTS.csv,shipped,
shipped-profile,movement,v4_reu_16m,MATH_SEEK16_STEP1,seek_u16_u8_step1,,98.183384,0,0,v4_reu_16m/standalone/seek_u16_u8_step1.asm,8f155dd5c1130fc7aa8f79677561e726f43de3639bc7d8e91ef8d0050015b8d7,benchmarks/PUBLIC_PROFILE_RESULTS.csv,shipped,
shipped-profile,movement,v5_hybrid_lowzp,MATH_SEEK16_STEP1,seek_u16_u8_step1,,98.183384,0,0,v5_hybrid_lowzp/standalone/seek_u16_u8_step1.asm,1024041c51ab15420cc0953cdb9312f2ed0d929c6424d07b85eaf62d283030e1,benchmarks/PUBLIC_PROFILE_RESULTS.csv,shipped,
shipped-profile,movement,v1_balanced,MATH_SEEK16_STEP_INT,seek_u16_u8_step_int,,103.654782,0,0,v1_balanced/standalone/seek_u16_u8_step_int.asm,735187469e09c7f7a85c47de5b429c430fbca274e84398449fc9ab04be3a4545,benchmarks/PUBLIC_PROFILE_RESULTS.csv,shipped,
shipped-profile,movement,v2_pareto_fast,MATH_SEEK16_STEP_INT,seek_u16_u8_step_int,,103.654782,0,0,v2_pareto_fast/standalone/seek_u16_u8_step_int.asm,43c7e94905750abe3059d54566c935d19ddb500454197bb5b229c6e81935f9ff,benchmarks/PUBLIC_PROFILE_RESULTS.csv,shipped,
shipped-profile,movement,v3_reu_512k,MATH_SEEK16_STEP_INT,seek_u16_u8_step_int,,103.654782,0,0,v3_reu_512k/standalone/seek_u16_u8_step_int.asm,112e1945e0e08470797a98123bc8ca2e85de63aa413acaa4898ce009be01a21b,benchmarks/PUBLIC_PROFILE_RESULTS.csv,shipped,
shipped-profile,movement,v4_reu_16m,MATH_SEEK16_STEP_INT,seek_u16_u8_step_int,,103.654782,0,0,v4_reu_16m/standalone/seek_u16_u8_step_int.asm,b6a74e3aaf5e08d5b027ed3ce64994214de0f03a572652c86261d703c72f459b,benchmarks/PUBLIC_PROFILE_RESULTS.csv,shipped,
shipped-profile,movement,v5_hybrid_lowzp,MATH_SEEK16_STEP_INT,seek_u16_u8_step_int,,103.654782,0,0,v5_hybrid_lowzp/standalone/seek_u16_u8_step_int.asm,bf9f04222e44ceb7d51c1e9268c3de731c3ca5a7e48a3a2ce6cd35b6bc7335a5,benchmarks/PUBLIC_PROFILE_RESULTS.csv,shipped,
standalone-alternative,movement,,,seek_u8_u8_dda,init,329.966503,24,0,routines/movement/seek_u8_u8_dda.asm,4a94cb656a5893183cee9416828e5e97d3f5118d6799d2678d7983d22299f6f0,validation/movement/SEEK8_DDA_BENCHMARK.json,validated standalone / library MATH_SEEK8_*,seek8_init; IO block 24 B (ZP recommended); 160 B state for 8 slots
standalone-alternative,movement,,,seek_u8_u8_dda,init_euclid,741.405637,24,0,routines/movement/seek_u8_u8_dda.asm,4a94cb656a5893183cee9416828e5e97d3f5118d6799d2678d7983d22299f6f0,validation/movement/SEEK8_DDA_BENCHMARK.json,validated standalone / library MATH_SEEK8_*,seek8_init with speed bit 15 set; constant Euclidean speed within 0.7%
standalone-alternative,movement,,,seek_u8_u8_dda,step,84.292116,24,0,routines/movement/seek_u8_u8_dda.asm,4a94cb656a5893183cee9416828e5e97d3f5118d6799d2678d7983d22299f6f0,validation/movement/SEEK8_DDA_BENCHMARK.json,validated standalone / library MATH_SEEK8_*,seek8_step; exact Bresenham path and arrival; no scratch
standalone-alternative,movement,,,seek_u8_u8_dda,step1,62.953959,24,0,routines/movement/seek_u8_u8_dda.asm,4a94cb656a5893183cee9416828e5e97d3f5118d6799d2678d7983d22299f6f0,validation/movement/SEEK8_DDA_BENCHMARK.json,validated standalone / library MATH_SEEK8_*,seek8_step1; NMOS DCP; exact Bresenham path and arrival; no scratch
standalone-alternative,movement,,,seek_u8_u8_dda,step_int,67.992770,24,0,routines/movement/seek_u8_u8_dda.asm,4a94cb656a5893183cee9416828e5e97d3f5118d6799d2678d7983d22299f6f0,validation/movement/SEEK8_DDA_BENCHMARK.json,validated standalone / library MATH_SEEK8_*,seek8_step_int; exact Bresenham path and arrival; no scratch
shipped-profile,movement,v1_balanced,MATH_SEEK8_INIT,seek_u8_u8_init,,601.746936,0,0,v1_balanced/standalone/seek_u8_u8_init.asm,ac1641cf45ce833b97018c9b79eb524e93be4dc8957ffe4ae9d76ee3b8faabf0,benchmarks/PUBLIC_PROFILE_RESULTS.csv,shipped,
shipped-profile,movement,v2_pareto_fast,MATH_SEEK8_INIT,seek_u8_u8_init,,543.965482,14,0,v2_pareto_fast/standalone/seek_u8_u8_init.asm,a66061e715312a2cb931ebf7a7750152575fefb68ee130af517785355d063d1a,benchmarks/PUBLIC_PROFILE_RESULTS.csv,shipped,
shipped-profile,movement,v3_reu_512k,MATH_SEEK8_INIT,seek_u8_u8_init,,544.686887,14,0,v3_reu_512k/standalone/seek_u8_u8_init.asm,4bcbf826902da2785b3181f65c5934e6534badd3f48a5ef78274f4be78929aec,benchmarks/PUBLIC_PROFILE_RESULTS.csv,shipped,
shipped-profile,movement,v4_reu_16m,MATH_SEEK8_INIT,seek_u8_u8_init,,544.686887,14,0,v4_reu_16m/standalone/seek_u8_u8_init.asm,ccc73ff87d30d795c0859177b4079e3e70f1a82c5f026c0ffcdc52b17b9b773b,benchmarks/PUBLIC_PROFILE_RESULTS.csv,shipped,
shipped-profile,movement,v5_hybrid_lowzp,MATH_SEEK8_INIT,seek_u8_u8_init,,601.746936,0,0,v5_hybrid_lowzp/standalone/seek_u8_u8_init.asm,ebf018cec6b7f7611bd6d0e8e10443ae9089d7cc517a9207b6e7a1f3129741a4,benchmarks/PUBLIC_PROFILE_RESULTS.csv,shipped,
shipped-profile,movement,v1_balanced,MATH_SEEK8_STEP,seek_u8_u8_step,,87.136511,0,0,v1_balanced/standalone/seek_u8_u8_step.asm,bc95e51a07037638efce4781f5e78022768974dc588506c79ecff538d88fbc27,benchmarks/PUBLIC_PROFILE_RESULTS.csv,shipped,
shipped-profile,movement,v2_pareto_fast,MATH_SEEK8_STEP,seek_u8_u8_step,,87.136511,0,0,v2_pareto_fast/standalone/seek_u8_u8_step.asm,92c0eb678fcd56124a76774aacbe22a94f1988fcf3f5c2c2197c1078e3f53b5c,benchmarks/PUBLIC_PROFILE_RESULTS.csv,shipped,
shipped-profile,movement,v3_reu_512k,MATH_SEEK8_STEP,seek_u8_u8_step,,87.136511,0,0,v3_reu_512k/standalone/seek_u8_u8_step.asm,9c190db2fdab450b11eb8221ffb82af174ee13cd309a36b458b1bd44d60e390e,benchmarks/PUBLIC_PROFILE_RESULTS.csv,shipped,
shipped-profile,movement,v4_reu_16m,MATH_SEEK8_STEP,seek_u8_u8_step,,87.136511,0,0,v4_reu_16m/standalone/seek_u8_u8_step.asm,e647f01e3525625aa790fbba132733e9537a115035dafede575bdadd8f6bce1c,benchmarks/PUBLIC_PROFILE_RESULTS.csv,shipped,
shipped-profile,movement,v5_hybrid_lowzp,MATH_SEEK8_STEP,seek_u8_u8_step,,87.136511,0,0,v5_hybrid_lowzp/standalone/seek_u8_u8_step.asm,24c656c165953487b17bf68c0554fc345fd3fcaff82c6d73735990896f2337b7,benchmarks/PUBLIC_PROFILE_RESULTS.csv,shipped,
shipped-profile,movement,v1_balanced,MATH_SEEK8_STEP1,seek_u8_u8_step1,,65.953959,0,0,v1_balanced/standalone/seek_u8_u8_step1.asm,47bb3c6363651476e64a67ce35d3b17016802593bb5b0bde78c40d5d59fc31df,benchmarks/PUBLIC_PROFILE_RESULTS.csv,shipped,
shipped-profile,movement,v2_pareto_fast,MATH_SEEK8_STEP1,seek_u8_u8_step1,,65.953959,0,0,v2_pareto_fast/standalone/seek_u8_u8_step1.asm,21b464b20aa5940372d0b5966f497ac7e32f9448315d7842421b89875d7768f0,benchmarks/PUBLIC_PROFILE_RESULTS.csv,shipped,
shipped-profile,movement,v3_reu_512k,MATH_SEEK8_STEP1,seek_u8_u8_step1,,65.953959,0,0,v3_reu_512k/standalone/seek_u8_u8_step1.asm,8a1f58f7421802375ff413d79176d7252b38556aa7646e061d812b87bd9fbeab,benchmarks/PUBLIC_PROFILE_RESULTS.csv,shipped,
shipped-profile,movement,v4_reu_16m,MATH_SEEK8_STEP1,seek_u8_u8_step1,,65.953959,0,0,v4_reu_16m/standalone/seek_u8_u8_step1.asm,d5814ac55518cf5ddb6a174b2b3a7c011b820e664265b4a67210a001ad176e17,benchmarks/PUBLIC_PROFILE_RESULTS.csv,shipped,
shipped-profile,movement,v5_hybrid_lowzp,MATH_SEEK8_STEP1,seek_u8_u8_step1,,65.953959,0,0,v5_hybrid_lowzp/standalone/seek_u8_u8_step1.asm,a7e55b659c58b0af03828565491de71d4d596b4a9ef7a06ba0ca52b757c663bb,benchmarks/PUBLIC_PROFILE_RESULTS.csv,shipped,
shipped-profile,movement,v1_balanced,MATH_SEEK8_STEP_INT,seek_u8_u8_step_int,,70.992770,0,0,v1_balanced/standalone/seek_u8_u8_step_int.asm,ad20504dc6fd3a0fcfd5bec02cb67c98e97d2903a35808dcc762d0501b912b15,benchmarks/PUBLIC_PROFILE_RESULTS.csv,shipped,
shipped-profile,movement,v2_pareto_fast,MATH_SEEK8_STEP_INT,seek_u8_u8_step_int,,70.992770,0,0,v2_pareto_fast/standalone/seek_u8_u8_step_int.asm,533f0a602ef12cdcf6b9fa6a275fd44df49a3cf5350674205e1625fa98ecc150,benchmarks/PUBLIC_PROFILE_RESULTS.csv,shipped,
shipped-profile,movement,v3_reu_512k,MATH_SEEK8_STEP_INT,seek_u8_u8_step_int,,70.992770,0,0,v3_reu_512k/standalone/seek_u8_u8_step_int.asm,ae1ec49499f2635fd781adbd9623db02e251f090839773eb9eee4c6456e46cea,benchmarks/PUBLIC_PROFILE_RESULTS.csv,shipped,
shipped-profile,movement,v4_reu_16m,MATH_SEEK8_STEP_INT,seek_u8_u8_step_int,,70.992770,0,0,v4_reu_16m/standalone/seek_u8_u8_step_int.asm,4a24b35a89188553a126aa731fcb9ee80effcef0f4933bd4aee482e627d415e2,benchmarks/PUBLIC_PROFILE_RESULTS.csv,shipped,
shipped-profile,movement,v5_hybrid_lowzp,MATH_SEEK8_STEP_INT,seek_u8_u8_step_int,,70.992770,0,0,v5_hybrid_lowzp/standalone/seek_u8_u8_step_int.asm,55fddd371632d49af98063d8c6e01636d61191012399d182616b01bd53209cba,benchmarks/PUBLIC_PROFILE_RESULTS.csv,shipped,
shipped-profile,multiply,v1_balanced,MATH_SMUL16_SHR8,mul_s16_s16_s24_shr8,,313.154093,17,0,v1_balanced/standalone/mul_s16_s16_s24_shr8.asm,4a6e8cb2778b175f3ac6ca282a7b2e29d3462e12e92ca5edd8a6d71e879fe52b,benchmarks/PUBLIC_PROFILE_RESULTS.csv,shipped,
shipped-profile,multiply,v2_pareto_fast,MATH_SMUL16_SHR8,mul_s16_s16_s24_shr8,,276.888787,111,0,v2_pareto_fast/standalone/mul_s16_s16_s24_shr8.asm,a45c90df9806a98e9de73526db16dab6f34b16c86f1ea2db3b0add4628b1deae,benchmarks/PUBLIC_PROFILE_RESULTS.csv,shipped,
shipped-profile,multiply,v3_reu_512k,MATH_SMUL16_SHR8,mul_s16_s16_s24_shr8,,276.888787,111,0,v3_reu_512k/standalone/mul_s16_s16_s24_shr8.asm,3432818f134f34dd1a1aa040c8a0d90a964dbca43a5a0729c9452d8acb106a65,benchmarks/PUBLIC_PROFILE_RESULTS.csv,shipped,
shipped-profile,multiply,v4_reu_16m,MATH_SMUL16_SHR8,mul_s16_s16_s24_shr8,,276.888787,111,0,v4_reu_16m/standalone/mul_s16_s16_s24_shr8.asm,4f6f3c15847199c6fdc35ad4a2de0d461caa554c8dab399476189aa6cadbe6fd,benchmarks/PUBLIC_PROFILE_RESULTS.csv,shipped,
shipped-profile,multiply,v5_hybrid_lowzp,MATH_SMUL16_SHR8,mul_s16_s16_s24_shr8,,313.154093,17,0,v5_hybrid_lowzp/standalone/mul_s16_s16_s24_shr8.asm,839f4f57e729a62b1d0c53cbe9d1146591a963bd77349c0213d6ea50e53ccf4e,benchmarks/PUBLIC_PROFILE_RESULTS.csv,shipped,
shipped-profile,multiply,v1_balanced,MATH_SMUL16,mul_s16_s16_s32,,282.588064,17,0,v1_balanced/standalone/mul_s16_s16_s32.asm,bba650e405366f443ce4c2017191fe0e36bff0c770aee29b4e32d19a48ea84f2,benchmarks/PUBLIC_PROFILE_RESULTS.csv,shipped,
shipped-profile,multiply,v2_pareto_fast,MATH_SMUL16,mul_s16_s16_s32,,245.802333,111,0,v2_pareto_fast/standalone/mul_s16_s16_s32.asm,7d25143191d26fa2f4fbe27bac20ca4276423a0094dfdce760907973c65d64cf,benchmarks/PUBLIC_PROFILE_RESULTS.csv,shipped,
shipped-profile,multiply,v3_reu_512k,MATH_SMUL16,mul_s16_s16_s32,,246.107696,111,0,v3_reu_512k/standalone/mul_s16_s16_s32.asm,7acc0c4a491bc51dd11a9b46ed36eff0ae2dc2445b8ad0b2ffa8e4550b5d0692,benchmarks/PUBLIC_PROFILE_RESULTS.csv,shipped,
shipped-profile,multiply,v4_reu_16m,MATH_SMUL16,mul_s16_s16_s32,,246.144492,111,0,v4_reu_16m/standalone/mul_s16_s16_s32.asm,81b2d624750cb504e25bcabcfd10c329dc8653285920baacab7a3e60d931c980,benchmarks/PUBLIC_PROFILE_RESULTS.csv,shipped,
shipped-profile,multiply,v5_hybrid_lowzp,MATH_SMUL16,mul_s16_s16_s32,,282.262957,17,0,v5_hybrid_lowzp/standalone/mul_s16_s16_s32.asm,3df292945619a5b1a52567056c4a861cea1ab6f3f06cfad98edc96cff7d5f105,benchmarks/PUBLIC_PROFILE_RESULTS.csv,shipped,
shipped-profile,multiply,v1_balanced,MATH_SMUL24,mul_s24_s24_s48,,511.342357,24,0,v1_balanced/standalone/mul_s24_s24_s48.asm,222f183ad84b4f488e702ad63a5989d92de2bf1bbc48dd92a62363e59419f99a,benchmarks/PUBLIC_PROFILE_RESULTS.csv,shipped,
shipped-profile,multiply,v2_pareto_fast,MATH_SMUL24,mul_s24_s24_s48,,467.342357,24,0,v2_pareto_fast/standalone/mul_s24_s24_s48.asm,b767d543cb7809db31dbf070634ff0bfd84b8e79f325559f49b4c65516c08be2,benchmarks/PUBLIC_PROFILE_RESULTS.csv,shipped,
shipped-profile,multiply,v3_reu_512k,MATH_SMUL24,mul_s24_s24_s48,,467.342357,24,0,v3_reu_512k/standalone/mul_s24_s24_s48.asm,0ac7fe992e2c019f26e5f7c1ba4758fc55f1d4721ffd9475e63bdb29f194fbd6,benchmarks/PUBLIC_PROFILE_RESULTS.csv,shipped,
shipped-profile,multiply,v4_reu_16m,MATH_SMUL24,mul_s24_s24_s48,,467.342357,24,0,v4_reu_16m/standalone/mul_s24_s24_s48.asm,657e90b21f63b76a3ca30454d788d8cd8595853b8c8b283a471d6857f7bb7ec5,benchmarks/PUBLIC_PROFILE_RESULTS.csv,shipped,
shipped-profile,multiply,v5_hybrid_lowzp,MATH_SMUL24,mul_s24_s24_s48,,511.342357,24,0,v5_hybrid_lowzp/standalone/mul_s24_s24_s48.asm,c9073751173efbd21a28c8cad0fdb7500f74cbd06c98c7f6c234c79f2af43748,benchmarks/PUBLIC_PROFILE_RESULTS.csv,shipped,
standalone-alternative,multiply,,,mul_s24_s24_s48,fast24,395.756600,24,0,routines/multiply/mul_s24_s24_s48_fast24.asm,62eb4c1ae785905ba17fd7da26a0764e568211f8addd05c9b60a4ff3c9d174cf,validation/records/SMUL24_OPTISEARCH_ORACLE.json,validated local standalone,Repose carry-prime strategy with shared binder; 4265 independent OptiSearch Reduced6502 edge/random checks; no cycle or result mismatches
shipped-profile,multiply,v1_balanced,MATH_SMUL32_SHR16,mul_s32_s32_s48_shr16,,812.544371,31,0,v1_balanced/standalone/mul_s32_s32_s48_shr16.asm,ce4f8a1cac76d2d7e308eea57a29f78def122893ab4d47389641552c34fd151f,benchmarks/PUBLIC_PROFILE_RESULTS.csv,shipped,
shipped-profile,multiply,v2_pareto_fast,MATH_SMUL32_SHR16,mul_s32_s32_s48_shr16,,780.302454,31,0,v2_pareto_fast/standalone/mul_s32_s32_s48_shr16.asm,3e0c8b22ed0ae0078a936ae6be626f6d2d5fdcdef5b72e1a705afe1476b2ca22,benchmarks/PUBLIC_PROFILE_RESULTS.csv,shipped,
shipped-profile,multiply,v3_reu_512k,MATH_SMUL32_SHR16,mul_s32_s32_s48_shr16,,780.302454,31,0,v3_reu_512k/standalone/mul_s32_s32_s48_shr16.asm,c5a1ce5d9d530101b9507517e9abb2ae62409840b5835136ea9ee4411a257ab4,benchmarks/PUBLIC_PROFILE_RESULTS.csv,shipped,
shipped-profile,multiply,v4_reu_16m,MATH_SMUL32_SHR16,mul_s32_s32_s48_shr16,,780.302454,31,0,v4_reu_16m/standalone/mul_s32_s32_s48_shr16.asm,dd1b87d2d7332719eebf4ef9e51f1ac4ed1ad77cda2170b4b47e222643304f7c,benchmarks/PUBLIC_PROFILE_RESULTS.csv,shipped,
shipped-profile,multiply,v5_hybrid_lowzp,MATH_SMUL32_SHR16,mul_s32_s32_s48_shr16,,812.544371,31,0,v5_hybrid_lowzp/standalone/mul_s32_s32_s48_shr16.asm,2dace22ea04061731d4423aab5dd1a89e2fa880ee8c0344db850578cd3e8e013,benchmarks/PUBLIC_PROFILE_RESULTS.csv,shipped,
shipped-profile,multiply,v1_balanced,MATH_SMUL32,mul_s32_s32_s64,,744.128269,31,0,v1_balanced/standalone/mul_s32_s32_s64.asm,72ec4e9f78c3bafc4eef800848dee36b75cc45c0ea7c71f39defa57517782916,benchmarks/PUBLIC_PROFILE_RESULTS.csv,shipped,
shipped-profile,multiply,v2_pareto_fast,MATH_SMUL32,mul_s32_s32_s64,,711.153591,31,0,v2_pareto_fast/standalone/mul_s32_s32_s64.asm,cccc385fc99c93441283dad0d1a2fd140353e427b4551130e4ef1f1dd91c9a5e,benchmarks/PUBLIC_PROFILE_RESULTS.csv,shipped,
shipped-profile,multiply,v3_reu_512k,MATH_SMUL32,mul_s32_s32_s64,,711.447073,31,0,v3_reu_512k/standalone/mul_s32_s32_s64.asm,cc77c4214cec820b7aa72d60527c9967c86e2960f44023d236f9794b2350b4a4,benchmarks/PUBLIC_PROFILE_RESULTS.csv,shipped,
shipped-profile,multiply,v4_reu_16m,MATH_SMUL32,mul_s32_s32_s64,,711.706102,31,0,v4_reu_16m/standalone/mul_s32_s32_s64.asm,2aa9367ed888d7f4f18c841316725bc02baaa3d93d1cb5f3b5c705f7f29d86d5,benchmarks/PUBLIC_PROFILE_RESULTS.csv,shipped,
shipped-profile,multiply,v5_hybrid_lowzp,MATH_SMUL32,mul_s32_s32_s64,,743.477377,31,0,v5_hybrid_lowzp/standalone/mul_s32_s32_s64.asm,8c1131427276503b1a976692eb5293c4704a25c906efd0c6eeddcff0e5fbfcec,benchmarks/PUBLIC_PROFILE_RESULTS.csv,shipped,
standalone-alternative,multiply,,,mul_s32_s32_s64,compact126,646.354530,136,126,routines/multiply/mul_s32_s32_s64_compact126.asm,78d467ec0abe0053252caf492844f7a8d034512fdbde8a0a309edb6ed2190c1d,validation/records/SMUL32_COMPACT126_100K.json,validated research standalone,sub-128 page-$01 speed record point; second 100000-case seed and 1849-case edge suite also zero-error
standalone-alternative,multiply,,,mul_s32_s32_s64,fast31_native,697.259440,31,0,routines/multiply/mul_s32_s32_s64_fast31_native.asm,5bb889eb375b5c046140f4927962483d35a50d196ae7b1cd3887d5a09e169008,validation/records/SMUL32_FAST31_NATIVE_100K.json,validated research standalone,31-ZP native research point; not the shipped mixed-call-safe public wrapper
standalone-alternative,multiply,,,mul_s32_s32_s64,fast31_native_v2,692.825100,31,0,routines/multiply/mul_s32_s32_s64_fast31_native_v2.asm,408311e2023b0043af6748610a516cb2555a0351fdd4db53f5cb3b2f294222ec,validation/records/SMUL32_FAST31_NATIVE_V2_100K.json,validated research standalone,improved 31-ZP stack-free record; independent 100000-case seed and 1849-case edge suite also zero-error
standalone-alternative,multiply,,,mul_s32_s32_s64,turbo135,665.877260,135,0,routines/multiply/mul_s32_s32_s64_turbo135.asm,b155b20476801ec113e3a1dfaa68e5899f90dac623f6a1002cbf9a8c5df384e7,validation/records/SMUL32_TURBO135_100K.json,validated research standalone,stack-free high-ZP practical point; signed composition over Turbo32 producer
shipped-profile,multiply,v1_balanced,MATH_SMUL32_READY,mul_s32_s32_s64_ready,,725.808594,31,0,v1_balanced/standalone/mul_s32_s32_s64_ready.asm,e8fa8a8e07ed3bae94501adaac84555985cecb8edc8ba26b4563941b7c3b775e,benchmarks/PUBLIC_PROFILE_RESULTS.csv,shipped,
shipped-profile,multiply,v2_pareto_fast,MATH_SMUL32_READY,mul_s32_s32_s64_ready,,723.100586,31,0,v2_pareto_fast/standalone/mul_s32_s32_s64_ready.asm,0acc718316cf3967dd45578b84380b908aa1e92bc5f7484cabec300541d4de76,benchmarks/PUBLIC_PROFILE_RESULTS.csv,shipped,
shipped-profile,multiply,v3_reu_512k,MATH_SMUL32_READY,mul_s32_s32_s64_ready,,723.534180,31,0,v3_reu_512k/standalone/mul_s32_s32_s64_ready.asm,9df31eb8494505156ea19f2263dcfdc0771be190e65e622b7d7ea442570b92ac,benchmarks/PUBLIC_PROFILE_RESULTS.csv,shipped,
shipped-profile,multiply,v4_reu_16m,MATH_SMUL32_READY,mul_s32_s32_s64_ready,,721.444336,31,0,v4_reu_16m/standalone/mul_s32_s32_s64_ready.asm,4ff313473fec68e98d958687f30ac0179ccce7ffc0406f08906180c704af97e2,benchmarks/PUBLIC_PROFILE_RESULTS.csv,shipped,
shipped-profile,multiply,v5_hybrid_lowzp,MATH_SMUL32_READY,mul_s32_s32_s64_ready,,726.260742,31,0,v5_hybrid_lowzp/standalone/mul_s32_s32_s64_ready.asm,746d71ea8cb8528a6e9ae0a6afcd9e8fc0ce8e561388fe8138c47d3895203fe0,benchmarks/PUBLIC_PROFILE_RESULTS.csv,shipped,
shipped-profile,multiply,v1_balanced,MATH_SMUL8,mul_s8_s8_s16,,67.992188,0,0,v1_balanced/standalone/mul_s8_s8_s16.asm,8836804a285e851dfb22ab4206bb27f1916be91e1afd3a75f6e7f60145a64765,benchmarks/PUBLIC_PROFILE_RESULTS.csv,shipped,
shipped-profile,multiply,v2_pareto_fast,MATH_SMUL8,mul_s8_s8_s16,,67.992188,0,0,v2_pareto_fast/standalone/mul_s8_s8_s16.asm,7c0590ff2ed367fad108744eae66f243fdb90d60df338064302dc67504c37fc3,benchmarks/PUBLIC_PROFILE_RESULTS.csv,shipped,
shipped-profile,multiply,v3_reu_512k,MATH_SMUL8,mul_s8_s8_s16,,67.992188,0,0,v3_reu_512k/standalone/mul_s8_s8_s16.asm,eac1da9d72dbd252a6749b909e83d639336a30b013730a4f5f1af5a0dc5b3dc8,benchmarks/PUBLIC_PROFILE_RESULTS.csv,shipped,
shipped-profile,multiply,v4_reu_16m,MATH_SMUL8,mul_s8_s8_s16,,67.992188,0,0,v4_reu_16m/standalone/mul_s8_s8_s16.asm,b9e4c417102d88a56e227e4e50d86a00215ce2f847e00f00922cefebd426bbe9,benchmarks/PUBLIC_PROFILE_RESULTS.csv,shipped,
shipped-profile,multiply,v5_hybrid_lowzp,MATH_SMUL8,mul_s8_s8_s16,,67.992188,0,0,v5_hybrid_lowzp/standalone/mul_s8_s8_s16.asm,f6ca01c07205f6907d3beaf3ba10422d476658612b27bc26748c41f1a7c212b1,benchmarks/PUBLIC_PROFILE_RESULTS.csv,shipped,
shipped-profile,multiply,v1_balanced,MATH_UMUL16_SHR8,mul_u16_u16_u24_shr8,,304.804139,17,0,v1_balanced/standalone/mul_u16_u16_u24_shr8.asm,5d056c6b694e483d823fa9a9ed8977eb7827bc404af3d96d750ccccdc0c3acdb,benchmarks/PUBLIC_PROFILE_RESULTS.csv,shipped,
shipped-profile,multiply,v2_pareto_fast,MATH_UMUL16_SHR8,mul_u16_u16_u24_shr8,,243.804139,16,0,v2_pareto_fast/standalone/mul_u16_u16_u24_shr8.asm,0e0bde4e91cec2aa32efd1cc1460d764b4626bc2f149b97baeca1ff74694e353,benchmarks/PUBLIC_PROFILE_RESULTS.csv,shipped,
shipped-profile,multiply,v3_reu_512k,MATH_UMUL16_SHR8,mul_u16_u16_u24_shr8,,243.804139,16,0,v3_reu_512k/standalone/mul_u16_u16_u24_shr8.asm,5b7f634d05f912d4afd5323bb3a4fec1afd20bcac6e2b37bec7d03ad031b1a2f,benchmarks/PUBLIC_PROFILE_RESULTS.csv,shipped,
shipped-profile,multiply,v4_reu_16m,MATH_UMUL16_SHR8,mul_u16_u16_u24_shr8,,243.804139,16,0,v4_reu_16m/standalone/mul_u16_u16_u24_shr8.asm,c625238fb1f371f613be70d33f80086c4743548386bd4b31c53ca9665da911eb,benchmarks/PUBLIC_PROFILE_RESULTS.csv,shipped,
shipped-profile,multiply,v5_hybrid_lowzp,MATH_UMUL16_SHR8,mul_u16_u16_u24_shr8,,304.804139,17,0,v5_hybrid_lowzp/standalone/mul_u16_u16_u24_shr8.asm,0e7a1c7425c5b9e8d6dd711971f0963b40d9f2a8c121a2cbdae39c236fa4b0d7,benchmarks/PUBLIC_PROFILE_RESULTS.csv,shipped,
shipped-profile,multiply,v1_balanced,MATH_UMUL16,mul_u16_u16_u32,,273.837200,17,0,v1_balanced/standalone/mul_u16_u16_u32.asm,c2cf48345f22ac211a0905573172d592d735bd0524f62b0ce2d3919ec4c08037,benchmarks/PUBLIC_PROFILE_RESULTS.csv,shipped,
shipped-profile,multiply,v2_pareto_fast,MATH_UMUL16,mul_u16_u16_u32,,216.980037,16,0,v2_pareto_fast/standalone/mul_u16_u16_u32.asm,4d017d797bfa4ed437b7b71c942d0d908fab7f3dbfe26a0a9c2c959a52ae2c79,benchmarks/PUBLIC_PROFILE_RESULTS.csv,shipped,
shipped-profile,multiply,v3_reu_512k,MATH_UMUL16,mul_u16_u16_u32,,216.980037,16,0,v3_reu_512k/standalone/mul_u16_u16_u32.asm,9a8ba9a8dfb7a36479c66fdb1ba3420de11fb2298dc8db153ae77a919deaf109,benchmarks/PUBLIC_PROFILE_RESULTS.csv,shipped,
shipped-profile,multiply,v4_reu_16m,MATH_UMUL16,mul_u16_u16_u32,,216.980037,16,0,v4_reu_16m/standalone/mul_u16_u16_u32.asm,a4d15489cfcd716d126884e46add5ae78a390fc744e69cd3daf0d7f2d7aa96d5,benchmarks/PUBLIC_PROFILE_RESULTS.csv,shipped,
shipped-profile,multiply,v5_hybrid_lowzp,MATH_UMUL16,mul_u16_u16_u32,,273.837200,17,0,v5_hybrid_lowzp/standalone/mul_u16_u16_u32.asm,84637ee31be1b1abd958d8a9facf31217e02a468824fbebf116d06bc91a138a4,benchmarks/PUBLIC_PROFILE_RESULTS.csv,shipped,
standalone-alternative,multiply,,,mul_u16_u16_u32,shifted106,155.031478816876,106,0,routines/multiply/mul_u16_u16_u32_shifted106.asm,057b0714a2eae45175c406c28fe83518280b6b489b99b7dd986a5d585775f4d2,validation/records/UMUL16_SHIFTED_EXACT.json,qualified standalone,NMOS AXS/SBX required; writable ZP SMC
standalone-alternative,multiply,,,mul_u16_u16_u32,shifted116,154.417078787694,116,0,routines/multiply/mul_u16_u16_u32_shifted116.asm,80822328ce623abf9de63635f7fc25899e43ef2c211d967fe3cbabceaa22fede,validation/records/UMUL16_SHIFTED_EXACT.json,qualified standalone,NMOS AXS/SBX required; executable ZP SMC
standalone-alternative,multiply,,,mul_u16_u16_u32,shifted134,154.297827851260,134,0,routines/multiply/mul_u16_u16_u32_shifted134.asm,6e55bc8ce5687a82f683e4b4a797c7caf0e7918e7cc9eb9eb1dd4be81e418c35,validation/records/UMUL16_SHIFTED_EXACT.json,qualified standalone,NMOS AXS/SBX required; executable ZP SMC
standalone-alternative,multiply,,,mul_u16_u16_u32,shifted99,155.646069282899,99,0,routines/multiply/mul_u16_u16_u32_shifted99.asm,e38c8a6563dc1ba8d95b26f6ec76ba060a0d11c3e0509012b10aa0c3bb45f109,validation/records/UMUL16_SHIFTED_EXACT.json,qualified standalone,NMOS AXS/SBX required; writable ZP SMC
shipped-profile,multiply,v4_reu_16m,MATH_REU_QS16,mul_u16_u16_u32_qs16,,281.541031,16,0,v4_reu_16m/standalone/mul_u16_u16_u32_qs16.asm,27d5408aa061661391841a001e9e5a9ead7dd6dcf326bca4ddcb420fb60fb9bf,benchmarks/PUBLIC_PROFILE_RESULTS.csv,shipped,
shipped-profile,multiply,v4_reu_16m,MATH_REU_QS16_BEGIN,mul_u16_u16_u32_qs16_begin,,18.000000,16,0,v4_reu_16m/standalone/mul_u16_u16_u32_qs16_begin.asm,4cb05b94252ee68a2dd0c07d0d045e70510597983e7a8ea0259e90ce4d11041c,benchmarks/PUBLIC_PROFILE_RESULTS.csv,shipped,
shipped-profile,multiply,v4_reu_16m,MATH_REU_QS16_END,mul_u16_u16_u32_qs16_end,,18.000000,16,0,v4_reu_16m/standalone/mul_u16_u16_u32_qs16_end.asm,8ea4680c142cf1e432a1cb86e4f91464a3dd75441c32e76a502c17723203570e,benchmarks/PUBLIC_PROFILE_RESULTS.csv,shipped,
shipped-profile,multiply,v3_reu_512k,MATH_REU_UMUL16,mul_u16_u16_u32_turbo,,197.046257,122,0,v3_reu_512k/standalone/mul_u16_u16_u32_turbo.asm,bb8b9eadb2d952920cd58166cfe0d9c082553dd43f79cc215b01f7fee57fd080,benchmarks/PUBLIC_PROFILE_RESULTS.csv,shipped,
shipped-profile,multiply,v4_reu_16m,MATH_REU_UMUL16,mul_u16_u16_u32_turbo,,197.046257,122,0,v4_reu_16m/standalone/mul_u16_u16_u32_turbo.asm,a6203725638099a3dfe1dd26d9bc1998c6465e4da3006bad53da6ddca96b4bad,benchmarks/PUBLIC_PROFILE_RESULTS.csv,shipped,
shipped-profile,multiply,v3_reu_512k,MATH_REU_UMUL16_BEGIN,mul_u16_u16_u32_turbo_begin,,300.000000,122,0,v3_reu_512k/standalone/mul_u16_u16_u32_turbo_begin.asm,000616cd31459167f50423898c291f0a2e212ffc06fd2287b8ef3eac0cf08849,benchmarks/PUBLIC_PROFILE_RESULTS.csv,shipped,
shipped-profile,multiply,v4_reu_16m,MATH_REU_UMUL16_BEGIN,mul_u16_u16_u32_turbo_begin,,300.000000,122,0,v4_reu_16m/standalone/mul_u16_u16_u32_turbo_begin.asm,102ce65dcff5aa390b02ea767099e7a601e689541814fd0303a2e6025fc9d960,benchmarks/PUBLIC_PROFILE_RESULTS.csv,shipped,
shipped-profile,multiply,v3_reu_512k,MATH_REU_UMUL16_END,mul_u16_u16_u32_turbo_end,,345.000000,122,0,v3_reu_512k/standalone/mul_u16_u16_u32_turbo_end.asm,e07fc98b26397d40a4ceb896f16bd73261caa0a6062ae69e66489699c7119cbd,benchmarks/PUBLIC_PROFILE_RESULTS.csv,shipped,
shipped-profile,multiply,v4_reu_16m,MATH_REU_UMUL16_END,mul_u16_u16_u32_turbo_end,,345.000000,122,0,v4_reu_16m/standalone/mul_u16_u16_u32_turbo_end.asm,a91ac6cd6dfc6c53625b8aace525a0ed7231410ed7a20d4b9eba2468979c853e,benchmarks/PUBLIC_PROFILE_RESULTS.csv,shipped,
shipped-profile,multiply,v1_balanced,MATH_UMUL24,mul_u24_u24_u48,,474.042329,24,0,v1_balanced/standalone/mul_u24_u24_u48.asm,c98e5a56abe78b5569018f101de2a40528fce5402712e9425804ce89e4783294,benchmarks/PUBLIC_PROFILE_RESULTS.csv,shipped,
shipped-profile,multiply,v2_pareto_fast,MATH_UMUL24,mul_u24_u24_u48,,421.555502,24,0,v2_pareto_fast/standalone/mul_u24_u24_u48.asm,57f7392f8884948f436bae991cc8691af4901b7094133d4a364a044a09850857,benchmarks/PUBLIC_PROFILE_RESULTS.csv,shipped,
shipped-profile,multiply,v3_reu_512k,MATH_UMUL24,mul_u24_u24_u48,,421.555502,24,0,v3_reu_512k/standalone/mul_u24_u24_u48.asm,47908e9f4995d9a28a444a182aa00856b57834bc2318149f37f6874f54ee6e5f,benchmarks/PUBLIC_PROFILE_RESULTS.csv,shipped,
shipped-profile,multiply,v4_reu_16m,MATH_UMUL24,mul_u24_u24_u48,,421.555502,24,0,v4_reu_16m/standalone/mul_u24_u24_u48.asm,b461febade6bb3e42bb91bed9c97619f2afad40ada2d8a4c760ebedb4f452381,benchmarks/PUBLIC_PROFILE_RESULTS.csv,shipped,
shipped-profile,multiply,v5_hybrid_lowzp,MATH_UMUL24,mul_u24_u24_u48,,474.042329,24,0,v5_hybrid_lowzp/standalone/mul_u24_u24_u48.asm,f59e217e0251d8df88aff02620ea183e5d32c9efe53e8c171be3d92c9644cee3,benchmarks/PUBLIC_PROFILE_RESULTS.csv,shipped,
standalone-alternative,multiply,,,mul_u24_u24_u48,fast24,357.041715026,24,0,routines/multiply/mul_u24_u24_u48_fast24.asm,0ef62699d3943dc7a7a41b2292145ccd6e7895625d05283de4ad8a38152357d5,validation/records/UMUL24_FAST24.json,qualified standalone,"sample mean, not exact over all 2^48 pairs; documented 6502 only"
shipped-profile,multiply,v1_balanced,MATH_UMUL32_SHR16,mul_u32_u32_u48_shr16,,779.876404,31,0,v1_balanced/standalone/mul_u32_u32_u48_shr16.asm,5c12e2e68f27194e348019498fed80dd1c3585ab07aaa5a94d06bfad054a4249,benchmarks/PUBLIC_PROFILE_RESULTS.csv,shipped,
shipped-profile,multiply,v2_pareto_fast,MATH_UMUL32_SHR16,mul_u32_u32_u48_shr16,,757.876404,31,0,v2_pareto_fast/standalone/mul_u32_u32_u48_shr16.asm,8216e1794ffcbbdfbc4fd8fbc0ae36e8f1bd806251b8bf19f18209a24f036f51,benchmarks/PUBLIC_PROFILE_RESULTS.csv,shipped,
shipped-profile,multiply,v3_reu_512k,MATH_UMUL32_SHR16,mul_u32_u32_u48_shr16,,757.876404,31,0,v3_reu_512k/standalone/mul_u32_u32_u48_shr16.asm,83a540b4f40f4753f33bfddb7ebdbc0bb0611b66323314c9f5d0158111c604fb,benchmarks/PUBLIC_PROFILE_RESULTS.csv,shipped,
shipped-profile,multiply,v4_reu_16m,MATH_UMUL32_SHR16,mul_u32_u32_u48_shr16,,757.876404,31,0,v4_reu_16m/standalone/mul_u32_u32_u48_shr16.asm,19dff9c046d7d15e9bdde06e585bb43f48ec68cda40baeb53cfa90e82e204a1e,benchmarks/PUBLIC_PROFILE_RESULTS.csv,shipped,
shipped-profile,multiply,v5_hybrid_lowzp,MATH_UMUL32_SHR16,mul_u32_u32_u48_shr16,,779.876404,31,0,v5_hybrid_lowzp/standalone/mul_u32_u32_u48_shr16.asm,b463972305cc9da04f88410b474106ca858daa3669336838c20fcbcc12caa8b7,benchmarks/PUBLIC_PROFILE_RESULTS.csv,shipped,
shipped-profile,multiply,v1_balanced,MATH_UMUL32,mul_u32_u32_u64,,712.235367,31,0,v1_balanced/standalone/mul_u32_u32_u64.asm,6572260c9bb8f756885d4f5327ef9ad8b41fa2dbcea9b8f3137e53290e144911,benchmarks/PUBLIC_PROFILE_RESULTS.csv,shipped,
shipped-profile,multiply,v2_pareto_fast,MATH_UMUL32,mul_u32_u32_u64,,690.235367,31,0,v2_pareto_fast/standalone/mul_u32_u32_u64.asm,2c62983fc9a9fbc34b6ce3fab3e3e8100a715daaf5ce9d1bbc87bbe30d37f744,benchmarks/PUBLIC_PROFILE_RESULTS.csv,shipped,
shipped-profile,multiply,v3_reu_512k,MATH_UMUL32,mul_u32_u32_u64,,690.235367,31,0,v3_reu_512k/standalone/mul_u32_u32_u64.asm,40f273530086d9f1b790caf94e9e7f5901b7f30921baaf703d7b9654075d110e,benchmarks/PUBLIC_PROFILE_RESULTS.csv,shipped,
shipped-profile,multiply,v4_reu_16m,MATH_UMUL32,mul_u32_u32_u64,,690.235367,31,0,v4_reu_16m/standalone/mul_u32_u32_u64.asm,7a0a21426225682729ba5f7c2efc04498e287501e2ac7c86bd24cff288568a4b,benchmarks/PUBLIC_PROFILE_RESULTS.csv,shipped,
shipped-profile,multiply,v5_hybrid_lowzp,MATH_UMUL32,mul_u32_u32_u64,,712.235367,31,0,v5_hybrid_lowzp/standalone/mul_u32_u32_u64.asm,685593693e64bbd257f4372dacde290a991b918d6f072a913b30b41ce1a0c858,benchmarks/PUBLIC_PROFILE_RESULTS.csv,shipped,
standalone-alternative,multiply,,,mul_u32_u32_u64,bounded133,606.337632030249,133,177,routines/multiply/mul_u32_u32_u64_bounded133.asm,1a70296607bcef4ccaa9f59002dddde59acf7b00950fd10ea8f7fd03b26451a0,validation/records/UMUL32_BOUNDED133_GMEC.json,qualified standalone,absolute speed point; reserves persistent page-$01 executable storage
standalone-alternative,multiply,,,mul_u32_u32_u64,bounded133_compact,606.864799469709,133,162,routines/multiply/mul_u32_u32_u64_bounded133_compact.asm,92bce2ae8ff0db9539f6e76420447e6a287b0d5863bf714e8dd206bfa6ab0189,validation/records/UMUL32_BOUNDED133_COMPACT_GMEC.json,qualified standalone,slightly smaller page-$01 footprint than bounded133
shipped-profile,multiply,v1_balanced,MATH_UMUL32_READY,mul_u32_u32_u64_ready,,697.175781,31,0,v1_balanced/standalone/mul_u32_u32_u64_ready.asm,a0eb15bd4592ce1e77850124c3c6bbc89c1c59f9009d74e239055b414edb7981,benchmarks/PUBLIC_PROFILE_RESULTS.csv,shipped,
shipped-profile,multiply,v2_pareto_fast,MATH_UMUL32_READY,mul_u32_u32_u64_ready,,697.175781,31,0,v2_pareto_fast/standalone/mul_u32_u32_u64_ready.asm,39ab496d4d1cd9ffc2e317ee622c1facefdfbf1853f8f3b087587af678ddb662,benchmarks/PUBLIC_PROFILE_RESULTS.csv,shipped,
shipped-profile,multiply,v3_reu_512k,MATH_UMUL32_READY,mul_u32_u32_u64_ready,,697.175781,31,0,v3_reu_512k/standalone/mul_u32_u32_u64_ready.asm,c89f373ffa0a779670c430ae4fc512ead16bf68d552df393be419919d347c6d4,benchmarks/PUBLIC_PROFILE_RESULTS.csv,shipped,
shipped-profile,multiply,v4_reu_16m,MATH_UMUL32_READY,mul_u32_u32_u64_ready,,697.175781,31,0,v4_reu_16m/standalone/mul_u32_u32_u64_ready.asm,489b783e287b261615ee7ff380fa4c4f48582377dd19b6aa2a843cfbf047b45e,benchmarks/PUBLIC_PROFILE_RESULTS.csv,shipped,
shipped-profile,multiply,v5_hybrid_lowzp,MATH_UMUL32_READY,mul_u32_u32_u64_ready,,697.175781,31,0,v5_hybrid_lowzp/standalone/mul_u32_u32_u64_ready.asm,62072f8725759aca2a7f555110af28f11ec68d8f9e2241282a8381c421b1cd9b,benchmarks/PUBLIC_PROFILE_RESULTS.csv,shipped,
shipped-profile,multiply,v3_reu_512k,MATH_REU_UMUL32,mul_u32_u32_u64_turbo,,676.185219,135,0,v3_reu_512k/standalone/mul_u32_u32_u64_turbo.asm,ee1da1fac66015ae54b7ad4fe71e052c4e75d21cea75793dea50a2ed06abb323,benchmarks/PUBLIC_PROFILE_RESULTS.csv,shipped,
shipped-profile,multiply,v4_reu_16m,MATH_REU_UMUL32,mul_u32_u32_u64_turbo,,676.185219,135,0,v4_reu_16m/standalone/mul_u32_u32_u64_turbo.asm,84a57a41a506111c8be75afc8c49bd752c9bb6f21fee5af6ff4813d40922666a,benchmarks/PUBLIC_PROFILE_RESULTS.csv,shipped,
shipped-profile,multiply,v3_reu_512k,MATH_REU_UMUL32_BEGIN,mul_u32_u32_u64_turbo_begin,,326.000000,135,0,v3_reu_512k/standalone/mul_u32_u32_u64_turbo_begin.asm,1949dc44c7ebad14af5a9d0a1d5af9e66db9a50d855affb922656e42bf5fc7ac,benchmarks/PUBLIC_PROFILE_RESULTS.csv,shipped,
shipped-profile,multiply,v4_reu_16m,MATH_REU_UMUL32_BEGIN,mul_u32_u32_u64_turbo_begin,,326.000000,135,0,v4_reu_16m/standalone/mul_u32_u32_u64_turbo_begin.asm,1405354cb6d40b3d13e4163190a4369eaa072df3be15afc497fba251a75f6b4f,benchmarks/PUBLIC_PROFILE_RESULTS.csv,shipped,
shipped-profile,multiply,v3_reu_512k,MATH_REU_UMUL32_END,mul_u32_u32_u64_turbo_end,,371.000000,135,0,v3_reu_512k/standalone/mul_u32_u32_u64_turbo_end.asm,295d5cd3e616520f41d18403f31b50d71a3c5bb94775aa8cadbf6daf20f1a5a2,benchmarks/PUBLIC_PROFILE_RESULTS.csv,shipped,
shipped-profile,multiply,v4_reu_16m,MATH_REU_UMUL32_END,mul_u32_u32_u64_turbo_end,,371.000000,135,0,v4_reu_16m/standalone/mul_u32_u32_u64_turbo_end.asm,3e9684c2685c2f3aea2d311e321659451666e5872f4700b23f48849d6a196dae,benchmarks/PUBLIC_PROFILE_RESULTS.csv,shipped,
shipped-profile,multiply,v1_balanced,MATH_UMUL8,mul_u8_u8_u16,,90.494644,5,0,v1_balanced/standalone/mul_u8_u8_u16.asm,d86f7ef33b0d8703131b51e55fb1d3540d7ca02b411a7b05210e150b1f04a3ea,benchmarks/PUBLIC_PROFILE_RESULTS.csv,shipped,
shipped-profile,multiply,v2_pareto_fast,MATH_UMUL8,mul_u8_u8_u16,,78.494614,5,0,v2_pareto_fast/standalone/mul_u8_u8_u16.asm,ad8f409e26403b09d3cb910013cf6f23eac99013b0959a91808a7fff42406da3,benchmarks/PUBLIC_PROFILE_RESULTS.csv,shipped,
shipped-profile,multiply,v3_reu_512k,MATH_UMUL8,mul_u8_u8_u16,,69.000000,0,0,v3_reu_512k/standalone/mul_u8_u8_u16.asm,32e45e90d2989fe518e5eb394f56b96f6626d503ce267fb282494b4c3af52d95,benchmarks/PUBLIC_PROFILE_RESULTS.csv,shipped,
shipped-profile,multiply,v4_reu_16m,MATH_UMUL8,mul_u8_u8_u16,,69.000000,0,0,v4_reu_16m/standalone/mul_u8_u8_u16.asm,09168a847d16e466f4d42dfce66b4a1fb3f3d8590e6d8f89004d87976cf1df77,benchmarks/PUBLIC_PROFILE_RESULTS.csv,shipped,
shipped-profile,multiply,v5_hybrid_lowzp,MATH_UMUL8,mul_u8_u8_u16,,90.494644,5,0,v5_hybrid_lowzp/standalone/mul_u8_u8_u16.asm,6ca5783872e487552d0687d55c3452d7e02938393eeef56c6f9910b805b5e8e7,benchmarks/PUBLIC_PROFILE_RESULTS.csv,shipped,
shipped-profile,other,v1_balanced,MATH_SMULDIV16,muldiv_s16_s16_s16_s32_16,,1378.300411,23,0,v1_balanced/standalone/muldiv_s16_s16_s16_s32_16.asm,9f9aeaea0d3118650a9c9d9be340bbc20472f1ad34002a3e71cb06a3a0ca77ce,benchmarks/PUBLIC_PROFILE_RESULTS.csv,shipped,
shipped-profile,other,v2_pareto_fast,MATH_SMULDIV16,muldiv_s16_s16_s16_s32_16,,860.448172,26,0,v2_pareto_fast/standalone/muldiv_s16_s16_s16_s32_16.asm,4cc1027981349787f216d1db097ef9bda6cd7beed0071b2d25f5df372a281cff,benchmarks/PUBLIC_PROFILE_RESULTS.csv,shipped,
shipped-profile,other,v3_reu_512k,MATH_SMULDIV16,muldiv_s16_s16_s16_s32_16,,860.448172,26,0,v3_reu_512k/standalone/muldiv_s16_s16_s16_s32_16.asm,43c40526c049c3ac151abb44a9074c57df3c97b52b835748ff84c6773b89671e,benchmarks/PUBLIC_PROFILE_RESULTS.csv,shipped,
shipped-profile,other,v4_reu_16m,MATH_SMULDIV16,muldiv_s16_s16_s16_s32_16,,860.448172,26,0,v4_reu_16m/standalone/muldiv_s16_s16_s16_s32_16.asm,c7eeddda22e1cefb10b593b87ea5712d2088b07f5cc0107e1a5bc6871bfb92be,benchmarks/PUBLIC_PROFILE_RESULTS.csv,shipped,
shipped-profile,other,v5_hybrid_lowzp,MATH_SMULDIV16,muldiv_s16_s16_s16_s32_16,,888.154427,17,0,v5_hybrid_lowzp/standalone/muldiv_s16_s16_s16_s32_16.asm,8f040b8ceb1eca4664f17cb2d3709cb1efb5e0c21a33a975cfa00016410c0cc4,benchmarks/PUBLIC_PROFILE_RESULTS.csv,shipped,
shipped-profile,other,v1_balanced,MATH_UMULDIV16,muldiv_u16_u16_u16_u32_16,,1289.022331,19,0,v1_balanced/standalone/muldiv_u16_u16_u16_u32_16.asm,1fe7d4e040b9e66f0020eb1d0c1e1e5b37fe36a44617cea32091053a803b6433,benchmarks/PUBLIC_PROFILE_RESULTS.csv,shipped,
shipped-profile,other,v2_pareto_fast,MATH_UMULDIV16,muldiv_u16_u16_u16_u32_16,,801.646373,26,0,v2_pareto_fast/standalone/muldiv_u16_u16_u16_u32_16.asm,81970c7200180b93f1a6bad6a45ae66c1669fd76aa79e454883557c310a24c30,benchmarks/PUBLIC_PROFILE_RESULTS.csv,shipped,
shipped-profile,other,v3_reu_512k,MATH_UMULDIV16,muldiv_u16_u16_u16_u32_16,,801.646373,26,0,v3_reu_512k/standalone/muldiv_u16_u16_u16_u32_16.asm,800a2ffd6c16ee24f772d4598a1c2f3be60d7180ebb2abb4280bdd9f2efd9356,benchmarks/PUBLIC_PROFILE_RESULTS.csv,shipped,
shipped-profile,other,v4_reu_16m,MATH_UMULDIV16,muldiv_u16_u16_u16_u32_16,,801.646373,26,0,v4_reu_16m/standalone/muldiv_u16_u16_u16_u32_16.asm,fd441c14a1b7fa17e405624007d70d731d0251bab82760f826c59586012dbdae,benchmarks/PUBLIC_PROFILE_RESULTS.csv,shipped,
shipped-profile,other,v5_hybrid_lowzp,MATH_UMULDIV16,muldiv_u16_u16_u16_u32_16,,834.646373,17,0,v5_hybrid_lowzp/standalone/muldiv_u16_u16_u16_u32_16.asm,524932de4cf6e36e92ab1a183da9cc16d9864f48af84c2fc2aa692bc91dc5d9f,benchmarks/PUBLIC_PROFILE_RESULTS.csv,shipped,
shipped-profile,root,v1_balanced,MATH_ISQRT16,isqrt_u16_u16,,219.740570,0,0,v1_balanced/standalone/isqrt_u16_u16.asm,73a403f9e497970007025a635262dc5125346b79d7dfbbff86e81ebaa33ae579,benchmarks/PUBLIC_PROFILE_RESULTS.csv,shipped,
shipped-profile,root,v2_pareto_fast,MATH_ISQRT16,isqrt_u16_u16,,205.760590,1,0,v2_pareto_fast/standalone/isqrt_u16_u16.asm,027915e66744aa8fd9de5d2c76cf318de966188c9edc10c7b514bcaaff6d1614,benchmarks/PUBLIC_PROFILE_RESULTS.csv,shipped,
shipped-profile,root,v3_reu_512k,MATH_ISQRT16,isqrt_u16_u16,,204.992523,1,0,v3_reu_512k/standalone/isqrt_u16_u16.asm,1861cadd6685985ac62a0bb6873b6650fbb55353d665e9cc218acb0bf2940c21,benchmarks/PUBLIC_PROFILE_RESULTS.csv,shipped,
shipped-profile,root,v4_reu_16m,MATH_ISQRT16,isqrt_u16_u16,,54.000000,0,0,v4_reu_16m/standalone/isqrt_u16_u16.asm,99d64a8e093e149f11a2431daffe868976099b351ce077b6fa12bd6199aff128,benchmarks/PUBLIC_PROFILE_RESULTS.csv,shipped,
shipped-profile,root,v5_hybrid_lowzp,MATH_ISQRT16,isqrt_u16_u16,,219.740570,0,0,v5_hybrid_lowzp/standalone/isqrt_u16_u16.asm,8b51c8c064a26a4a1b0b0c43bf01306a5df517e81b902b60571d4619f01119ed,benchmarks/PUBLIC_PROFILE_RESULTS.csv,shipped,
shipped-profile,root,v1_balanced,MATH_ISQRT32,isqrt_u32_u16,,1378.900969,0,0,v1_balanced/standalone/isqrt_u32_u16.asm,e2d99a90c9945e883f46fa5c5066a2e3156b2e386c5b87dbb5a73acfbcbdd31f,benchmarks/PUBLIC_PROFILE_RESULTS.csv,shipped,
shipped-profile,root,v2_pareto_fast,MATH_ISQRT32,isqrt_u32_u16,,1198.619613,10,0,v2_pareto_fast/standalone/isqrt_u32_u16.asm,21de8abb5d27acf807813f4ba32b4e6850a505b6ff545eada18762ac140b154e,benchmarks/PUBLIC_PROFILE_RESULTS.csv,shipped,
shipped-profile,root,v3_reu_512k,MATH_ISQRT32,isqrt_u32_u16,,1197.859322,10,0,v3_reu_512k/standalone/isqrt_u32_u16.asm,b9240adcff3a05963b6f7a1425b1f265b30c0e29374fe26fa86373616c5dc01e,benchmarks/PUBLIC_PROFILE_RESULTS.csv,shipped,
shipped-profile,root,v4_reu_16m,MATH_ISQRT32,isqrt_u32_u16,,917.317433,8,0,v4_reu_16m/standalone/isqrt_u32_u16.asm,6f67c09bcfd527d2bcb13abf246892238b7c25af18b7ce30985bafac28632452,benchmarks/PUBLIC_PROFILE_RESULTS.csv,shipped,
shipped-profile,root,v5_hybrid_lowzp,MATH_ISQRT32,isqrt_u32_u16,,1378.900969,0,0,v5_hybrid_lowzp/standalone/isqrt_u32_u16.asm,cbf85587e262c189d4653f3c6ac5158047aedb84be82c77689023c453c8bab27,benchmarks/PUBLIC_PROFILE_RESULTS.csv,shipped,
shipped-profile,trig,v1_balanced,MATH_ATAN2_8,atan2_s8_s8_u8,,47.462814,0,0,v1_balanced/standalone/atan2_s8_s8_u8.asm,421dcbb9c67fc7b57e9cdf1b486ac875e5213743da2971dd5ef3a08537211aeb,benchmarks/PUBLIC_PROFILE_RESULTS.csv,shipped,
shipped-profile,trig,v2_pareto_fast,MATH_ATAN2_8,atan2_s8_s8_u8,,43.970627,0,0,v2_pareto_fast/standalone/atan2_s8_s8_u8.asm,16093b67a446257404e9737203344a30b7582fa807e7d53ca0cb8e0c51621b50,benchmarks/PUBLIC_PROFILE_RESULTS.csv,shipped,
shipped-profile,trig,v3_reu_512k,MATH_ATAN2_8,atan2_s8_s8_u8,,43.970627,0,0,v3_reu_512k/standalone/atan2_s8_s8_u8.asm,5540f66e5b943ebea2acc3049e68c5a3cc41838673c16a071749fb9718b5d5a8,benchmarks/PUBLIC_PROFILE_RESULTS.csv,shipped,
shipped-profile,trig,v4_reu_16m,MATH_ATAN2_8,atan2_s8_s8_u8,,48.000000,0,0,v4_reu_16m/standalone/atan2_s8_s8_u8.asm,2e485cdedddc2a86a30cb474fd267855aa60df27361247774c839a501e11225c,benchmarks/PUBLIC_PROFILE_RESULTS.csv,shipped,
shipped-profile,trig,v5_hybrid_lowzp,MATH_ATAN2_8,atan2_s8_s8_u8,,43.970627,0,0,v5_hybrid_lowzp/standalone/atan2_s8_s8_u8.asm,9dafcac2c39c92d0f172d4f800b202b85b1237e1c21bdf6a65b8269744262d46,benchmarks/PUBLIC_PROFILE_RESULTS.csv,shipped,
standalone-alternative,trig,,,atan2_s8_s8_u8,compact_opt,47.462814331055,0,0,routines/atan2/standalone/atan2_s8_s8_u8_compact_opt.asm,ef1a92bfdfbc8c1474ca95252e3259e4c57070a5e4c4e03b4453c17b95de370b,validation/ATAN2_STANDALONE_DISPATCH.json,qualified standalone / V1 installed,max phase error 1; exact prior output parity; x<0 saves 2 cycles; x=0 costs 4 extra cycles
standalone-alternative,trig,,,atan2_s8_s8_u8,sum_fast,43.970626831055,0,0,routines/atan2/standalone/atan2_s8_s8_u8_sum_fast.asm,6dbd19f354f1769492ff4daabd5e53c0b5e81f5b3bd4083d35266e859e5e15fb,validation/ATAN2_STANDALONE_DISPATCH.json,qualified standalone / V2 V3 V5 installed,max phase error 1; exact prior output parity; x<0 saves 2 cycles; x=0 costs 2 extra cycles
standalone-alternative,trig,,,atan2_s8_s8_u8,sum_small,45.958908081055,0,0,routines/atan2/standalone/atan2_s8_s8_u8_sum_small.asm,026a15bc7ca34a868d6de55205a7b88d83a5db6a526343c17a6330eb02787d80,validation/ATAN2_OPTIMIZATION_VALIDATION.json,qualified standalone,max phase error 1; optional Pareto point
shipped-profile,trig,v1_balanced,MATH_COS8,cos_u8_s8,,29.000000,0,0,v1_balanced/standalone/cos_u8_s8.asm,e974fd67bbc3b272001bf7cd3e783c62de29552fe3b355a542ab9f1e4f1a7c72,benchmarks/PUBLIC_PROFILE_RESULTS.csv,shipped,
shipped-profile,trig,v2_pareto_fast,MATH_COS8,cos_u8_s8,,23.000000,0,0,v2_pareto_fast/standalone/cos_u8_s8.asm,ddcd511be3a625a0e1a7da4f2a7c1d6327bf9094644605b46904ec1e99fe52fe,benchmarks/PUBLIC_PROFILE_RESULTS.csv,shipped,
shipped-profile,trig,v3_reu_512k,MATH_COS8,cos_u8_s8,,23.000000,0,0,v3_reu_512k/standalone/cos_u8_s8.asm,9b99b47bef67a714904a398094b8e5f04b600a1504aa85e8e1204c9cf713d404,benchmarks/PUBLIC_PROFILE_RESULTS.csv,shipped,
shipped-profile,trig,v4_reu_16m,MATH_COS8,cos_u8_s8,,23.000000,0,0,v4_reu_16m/standalone/cos_u8_s8.asm,fa92edd0e350b97ccd8fc14720a79426041543618a80a39a3cc8f3c4ddb54d81,benchmarks/PUBLIC_PROFILE_RESULTS.csv,shipped,
shipped-profile,trig,v5_hybrid_lowzp,MATH_COS8,cos_u8_s8,,23.000000,0,0,v5_hybrid_lowzp/standalone/cos_u8_s8.asm,c097b6421a3c33cd20ae6b666db83fa8e2b6e0e4e89e4ea3f8dd114141e020e5,benchmarks/PUBLIC_PROFILE_RESULTS.csv,shipped,
shipped-profile,trig,v1_balanced,MATH_SIN8,sin_u8_s8,,23.000000,0,0,v1_balanced/standalone/sin_u8_s8.asm,714a92fec011622d94fa093149cb5ed7b98ef1814bb7f80e04adadd4933b8d4d,benchmarks/PUBLIC_PROFILE_RESULTS.csv,shipped,
shipped-profile,trig,v2_pareto_fast,MATH_SIN8,sin_u8_s8,,23.000000,0,0,v2_pareto_fast/standalone/sin_u8_s8.asm,65f1353e33b344e038fcda17b7b20a9a473b525b2657474c82829208c4aaa7eb,benchmarks/PUBLIC_PROFILE_RESULTS.csv,shipped,
shipped-profile,trig,v3_reu_512k,MATH_SIN8,sin_u8_s8,,23.000000,0,0,v3_reu_512k/standalone/sin_u8_s8.asm,2f2e0958eac7a7d3a1bc088d28c2cce9d4e31aa9bc9ac9e6470b8e3dd5b2a0b0,benchmarks/PUBLIC_PROFILE_RESULTS.csv,shipped,
shipped-profile,trig,v4_reu_16m,MATH_SIN8,sin_u8_s8,,23.000000,0,0,v4_reu_16m/standalone/sin_u8_s8.asm,ff2c1371c09099279258494b6dd597f9beb1168408c31f4fea81ffeaa5b63695,benchmarks/PUBLIC_PROFILE_RESULTS.csv,shipped,
shipped-profile,trig,v5_hybrid_lowzp,MATH_SIN8,sin_u8_s8,,23.000000,0,0,v5_hybrid_lowzp/standalone/sin_u8_s8.asm,6ceee27f0621e6e3bb88aa4400fd3eb82a112e538fe5b4209f07955e946a0ef8,benchmarks/PUBLIC_PROFILE_RESULTS.csv,shipped,
shipped-profile,trig,v1_balanced,MATH_SINCOS8,sincos_u8_s8_s8,,39.000000,0,0,v1_balanced/standalone/sincos_u8_s8_s8.asm,f41fd26c79d5f60cd33bbbd98ea6aae465a3002159c8a6754f0aa3f8f6a6a31e,benchmarks/PUBLIC_PROFILE_RESULTS.csv,shipped,
shipped-profile,trig,v2_pareto_fast,MATH_SINCOS8,sincos_u8_s8_s8,,31.000000,0,0,v2_pareto_fast/standalone/sincos_u8_s8_s8.asm,27eb6b40efb28d54055c09bfb494a07c71b9cd0e6ef1e674b31e6266c0850db5,benchmarks/PUBLIC_PROFILE_RESULTS.csv,shipped,
shipped-profile,trig,v3_reu_512k,MATH_SINCOS8,sincos_u8_s8_s8,,31.000000,0,0,v3_reu_512k/standalone/sincos_u8_s8_s8.asm,a911f8b78aced3f901ae28040df5ee2a963a797085ba130ef8fe1584e40f70c7,benchmarks/PUBLIC_PROFILE_RESULTS.csv,shipped,
shipped-profile,trig,v4_reu_16m,MATH_SINCOS8,sincos_u8_s8_s8,,31.000000,0,0,v4_reu_16m/standalone/sincos_u8_s8_s8.asm,7b4489d6b9321165c02588f600e517e9977da0b377afbcb3da020d5b54db5ed0,benchmarks/PUBLIC_PROFILE_RESULTS.csv,shipped,
shipped-profile,trig,v5_hybrid_lowzp,MATH_SINCOS8,sincos_u8_s8_s8,,31.000000,0,0,v5_hybrid_lowzp/standalone/sincos_u8_s8_s8.asm,97bd959c73bdb1c456d1966a09626edd65c5948553a91f740802b862c44aa6e1,benchmarks/PUBLIC_PROFILE_RESULTS.csv,shipped,
shipped-profile,vector,v1_balanced,MATH_VEC2_NORMALIZE_Q8_8,normalize_s16_s16_s16_s16_q8_8_to_q1_15,,160.150080,4,0,v1_balanced/standalone/normalize_s16_s16_s16_s16_q8_8_to_q1_15.asm,7ef95728223c3717c4b908ebb1ab1541bae5d13a0002e8df8d57ae12ad6cc43a,benchmarks/PUBLIC_PROFILE_RESULTS.csv,shipped,
shipped-profile,vector,v2_pareto_fast,MATH_VEC2_NORMALIZE_Q8_8,normalize_s16_s16_s16_s16_q8_8_to_q1_15,,160.150080,4,0,v2_pareto_fast/standalone/normalize_s16_s16_s16_s16_q8_8_to_q1_15.asm,9dc866dd65442553c85cc52f010fbb19c164a42a2866cde707e53b8bd12b6930,benchmarks/PUBLIC_PROFILE_RESULTS.csv,shipped,
shipped-profile,vector,v3_reu_512k,MATH_VEC2_NORMALIZE_Q8_8,normalize_s16_s16_s16_s16_q8_8_to_q1_15,,156.661198,4,0,v3_reu_512k/standalone/normalize_s16_s16_s16_s16_q8_8_to_q1_15.asm,a52ef9de65136447c413bf2eae643c93a7956ba4cb4497af63307922fb1b4de8,benchmarks/PUBLIC_PROFILE_RESULTS.csv,shipped,
shipped-profile,vector,v4_reu_16m,MATH_VEC2_NORMALIZE_Q8_8,normalize_s16_s16_s16_s16_q8_8_to_q1_15,,156.661198,4,0,v4_reu_16m/standalone/normalize_s16_s16_s16_s16_q8_8_to_q1_15.asm,edd9a85cb4f532a107c313455c6c55595ac800766eac0ddf30ca7e9380a12d63,benchmarks/PUBLIC_PROFILE_RESULTS.csv,shipped,
shipped-profile,vector,v5_hybrid_lowzp,MATH_VEC2_NORMALIZE_Q8_8,normalize_s16_s16_s16_s16_q8_8_to_q1_15,,160.150080,4,0,v5_hybrid_lowzp/standalone/normalize_s16_s16_s16_s16_q8_8_to_q1_15.asm,10401ddd71873d9a921ac81d795ab35fb7dbedd99e5d5e740cb187570c8365b4,benchmarks/PUBLIC_PROFILE_RESULTS.csv,shipped,
