profile,routine,canonical_name,api_class,signedness,operation,width,mean_cycles,min_cycles,max_cycles,cases,cycle_basis,reachable_code_bytes,zp_bytes,zp_ranges,stack_page_reserved_bytes,profile_prg_payload_span_bytes,profile_reu_image_bytes,profile_declared_shared_zp_bytes,implementation,notes
v1_balanced,MATH_UMUL8,mul_u8_u8_u16,stable,unsigned,multiply,8,90.494644,88,93,65536,canonical harness,55,5,$10-$14,0,49047,0,,profile-selected existing UMUL8 path; refreshed ZP record candidate rejected by profile resource contract,exhaustive 8-bit
v1_balanced,MATH_UMUL16,mul_u16_u16_u32,stable,unsigned,multiply,16,273.837200,262,297,5000,2026-09-14 record-upgrade deterministic comparison corpus,208,17,$09-$19,0,49047,0,,17-ZP qualified record-derived fused quarter-square resident kernel (retained after refresh sweep),
v1_balanced,MATH_UMUL24,mul_u24_u24_u48,stable,unsigned,multiply,24,489.988792,462,542,2409,2026-09-20 multiply-refresh deterministic cross-profile corpus,369,24,$09-$20,0,49047,0,,FAST24 private 24-ZP carry producer with stable public adapter,
v1_balanced,MATH_UMUL32,mul_u32_u32_u64,stable,unsigned,multiply,32,712.235367,652,831,2409,2026-09-20 multiply-refresh deterministic cross-profile corpus,336,31,$02-$20,0,49047,0,,FAST31/V29-derived private q0 unsigned producer; mixed-call-safe public binder,
v1_balanced,MATH_UMUL32_READY,mul_u32_u32_u64_ready,stable,unsigned,multiply-ready,32,697.175781,642,784,1024,2026-09-20 multiply-refresh deterministic cross-profile corpus,320,31,$02-$20,0,49047,0,,FAST31/V29-derived private q0 unsigned producer; mixed-call-safe public binder,
v1_balanced,MATH_SMUL8,mul_s8_s8_s16,stable,signed,multiply,8,67.992188,66,70,65536,2026-09-20 multiply-refresh deterministic cross-profile corpus,46,0,,0,49047,0,,direct signed-domain quarter-square kernel with private signed-sum planes,
v1_balanced,MATH_SMUL16,mul_s16_s16_s32,stable,signed,multiply,16,293.298407,260,327,4457,current native-signed multiply validation,273,17,$09-$19,0,49047,0,,FAST17 native signed composition with private 17-ZP magnitude core,
v1_balanced,MATH_SMUL24,mul_s24_s24_s48,stable,signed,multiply,24,531.496472,474,591,2409,current native-signed multiply validation,505,24,$09-$20,0,49047,0,,FAST24 four-quadrant native signed composition; immutable quarter-square tables shared,
v1_balanced,MATH_SMUL32,mul_s32_s32_s64,stable,signed,multiply,32,744.569946,660,873,2409,current native-signed multiply validation,1406,31,$02-$20,0,49047,0,,FAST31/V29 native signed quadrant composition; mixed-call-safe public path,
v1_balanced,MATH_SMUL32_READY,mul_s32_s32_s64_ready,stable,signed,multiply-ready,32,726.388672,645,813,1024,current native-signed multiply validation,1387,31,$02-$20,0,49047,0,,FAST31/V29 native signed quadrant composition; mixed-call-safe public path,
v1_balanced,MATH_UDIV8,div_u8_u8_u8_8,stable,unsigned,divide,8,59.571976,26,554,65536,2026-09-20 unsigned division-family validation,297,1,$10,0,49047,0,,direct-public 8-bit divider; quotient/remainder produced in stable I/O without marshalling,exhaustive
v1_balanced,MATH_UDIV16,div_u16_u16_u16_16,stable,unsigned,divide,16,132.725857,41,1535,4753,2026-09-20 unsigned division-family validation,326,2,$10-$11,0,49047,0,,balanced direct-public 16-bit divider,structured_random
v1_balanced,MATH_UDIV24,div_u24_u24_u24_24,stable,unsigned,divide,24,194.156322,56,3235,4753,2026-09-20 unsigned division-family validation,1128,3,$10-$12,0,49047,0,,balanced direct-public 24-bit divider,structured_random
v1_balanced,MATH_UDIV32_16,div_u32_u16_u32_16,stable,unsigned,divide,32/16,870.340206,182,2099,4753,2026-09-20 unsigned division-family validation,311,12,$10-$1B,0,49047,0,,profile-selected native 32/16 divider,structured_random
v1_balanced,MATH_UMOD8,mod_u8_u8_u8,stable,unsigned,modulo,8,67.167555,51,495,1313,2026-09-20 unsigned division-family validation,83,2,$10-$11,0,49047,0,,direct-public 8-bit divider; quotient/remainder produced in stable I/O without marshalling,
v1_balanced,MATH_UMOD16,mod_u16_u16_u16,stable,unsigned,modulo,16,184.082421,41,1535,1553,2026-09-20 unsigned division-family validation,326,2,$10-$11,0,49047,0,,balanced direct-public 16-bit divider,
v1_balanced,MATH_UMOD24,mod_u24_u24_u24,stable,unsigned,modulo,24,303.233097,56,3235,1553,2026-09-20 unsigned division-family validation,1128,3,$10-$12,0,49047,0,,balanced direct-public 24-bit divider,
v1_balanced,MATH_UMOD32_16,mod_u32_u16_u16,stable,unsigned,modulo,32/16,971.613651,185,1978,1553,2026-09-20 unsigned division-family validation,314,12,$10-$1B,0,49047,0,,profile-selected native 32/16 divider,
v1_balanced,MATH_SDIV8,div_s8_s8_s8_8,stable,signed,divide,8,88.372650,26,600,65536,current native-signed division validation,533,1,$10,0,49047,0,,direct-output native signed 8-bit divider; executable-disjoint from UDIV8,exhaustive
v1_balanced,MATH_SDIV16,div_s16_s16_s16_16,stable,signed,divide,16,187.131298,45,1604,4585,current native-signed division validation,425,6,$10-$15,0,49047,0,,balanced direct-output native signed 16-bit divider,structured_random
v1_balanced,MATH_SDIV24,div_s24_s24_s24_24,stable,signed,divide,24,313.583206,51,5583,4585,current native-signed division validation,462,6,$10-$15,0,49047,0,,balanced direct-output native signed 24-bit divider,structured_random
v1_balanced,MATH_SDIV32_16,div_s32_s16_s32_16,stable,signed,divide,32/16,955.051690,171,2063,4585,current native-signed division validation,542,12,$14-$1F,0,49047,0,,direct-output native signed 32/16 divider,structured_random
v1_balanced,MATH_SMOD8,mod_s8_s8_s8,stable,signed,modulo/remainder,8,98.157813,26,598,1280,current native-signed division validation,533,1,$10,0,49047,0,,direct-output native signed 8-bit divider; executable-disjoint from UDIV8,
v1_balanced,MATH_SMOD16,mod_s16_s16_s16,stable,signed,modulo/remainder,16,229.324910,45,1604,1385,current native-signed division validation,425,6,$10-$15,0,49047,0,,balanced direct-output native signed 16-bit divider,
v1_balanced,MATH_SMOD24,mod_s24_s24_s24,stable,signed,modulo/remainder,24,427.272924,51,3502,1385,current native-signed division validation,462,6,$10-$15,0,49047,0,,balanced direct-output native signed 24-bit divider,
v1_balanced,MATH_SMOD32_16,mod_s32_s16_s16,stable,signed,modulo/remainder,32/16,1061.083032,174,2066,1385,current native-signed division validation,545,12,$14-$1F,0,49047,0,,direct-output native signed 32/16 divider,
v1_balanced,MATH_UDIV32_32,div_u32_u32_u32_32,stable,unsigned,divide,32/32,428.554036,90,2423,6801,2026-09-20 unsigned division-family validation,946,0,,0,49047,0,,native tiered 32/32 divider with early q=0 gate,structured_random
v1_balanced,MATH_UMOD32_32,mod_u32_u32_u32,stable,unsigned,modulo,32/32,552.220863,90,2423,1553,2026-09-20 unsigned division-family validation,946,0,,0,49047,0,,native tiered 32/32 divider with early q=0 gate,
v1_balanced,MATH_SDIV32_32,div_s32_s32_s32_32,stable,signed,divide,32/32,586.396050,75,2474,6633,current native-signed division validation,987,0,,0,49047,0,,native signed 32/32 magnitude path with redundant zero-test removed,structured_random
v1_balanced,MATH_SMOD32_32,mod_s32_s32_s32,stable,signed,modulo/remainder,32/32,785.979061,75,2474,1385,current native-signed division validation,987,0,,0,49047,0,,native signed 32/32 magnitude path with redundant zero-test removed,
v1_balanced,MATH_UMUL16_SHR8,mul_u16_u16_u24_shr8,stable,unsigned,fixed multiply shift,16x16 >> 8,314.965600,303,338,5000,2026-09-14 post-upgrade deterministic comparison corpus,234,17,$09-$19,0,49047,0,,profile-selected resident implementation,
v1_balanced,MATH_SMUL16_SHR8,mul_s16_s16_s24_shr8,stable,signed,fixed multiply shift,16x16 >> 8,333.867232,301,366,4361,2026-09-20 multiply-refresh deterministic cross-profile corpus,299,17,$09-$19,0,49047,0,,FAST17 SMUL16 plus SHR8 extraction,
v1_balanced,MATH_UMUL32_SHR16,mul_u32_u32_u48_shr16,stable,unsigned,fixed multiply shift,32x32 >> 16,779.876404,717,896,4361,2026-09-20 multiply-refresh deterministic cross-profile corpus,380,31,$02-$20,0,49047,0,,FAST31/V29-derived UMUL32 producer plus existing SHR16 extraction,
v1_balanced,MATH_SMUL32_SHR16,mul_s32_s32_s48_shr16,stable,signed,fixed multiply shift,32x32 >> 16,812.998853,725,938,4361,2026-09-20 multiply-refresh deterministic cross-profile corpus,1450,31,$02-$20,0,49047,0,,FAST31/V29 SMUL32 producer plus existing SHR16 extraction,
v1_balanced,MATH_UDIV16_SHL8,div_u16_u16_u24_16_shl8,stable,unsigned,fixed divide shift,(16 << 8)/16,877.773617,289,1914,4753,2026-09-20 unsigned division-family validation,388,12,$10-$1B,0,49047,0,,fixed-point adapter into selected unsigned 32/16 divider,structured_random
v1_balanced,MATH_SDIV16_SHL8,div_s16_s16_s24_16_shl8,stable,signed,fixed divide shift,(16 << 8)/16,952.471538,281,2007,4585,current native-signed division validation,625,12,$14-$1F,0,49047,0,,fixed-point adapter into selected native signed 32/16 divider,structured_random
v1_balanced,MATH_URECIP16_Q16,recip_u16_u24_q16,stable,unsigned,reciprocal,Q16 from d16,119.994705,41,2179,65536,2026-09-20 unsigned division-family validation,1559,3,$10-$12,0,49047,0,,exact reciprocal ladder with selected profile division fallback,exhaustive
v1_balanced,MATH_SIN8,sin_u8_s8,stable,signed,trig sine,phase8 -> s8,23.000000,23,23,256,current exhaustive/profile game-math benchmark,14,0,,0,49047,0,,profile-selected resident implementation,
v1_balanced,MATH_COS8,cos_u8_s8,stable,signed,trig cosine,phase8 -> s8,29.000000,29,29,256,current exhaustive/profile game-math benchmark,18,0,,0,49047,0,,profile-selected resident implementation,
v1_balanced,MATH_SINCOS8,sincos_u8_s8_s8,stable,signed,trig sincos,phase8 -> 2xs8,39.000000,39,39,256,current exhaustive/profile game-math benchmark,25,0,,0,49047,0,,profile-selected resident implementation,
v1_balanced,MATH_ATAN2_8,atan2_s8_s8_u8,stable,signed,angle,"atan2(s8,s8) -> phase8",48.447189,29,50,65536,current exhaustive/profile game-math benchmark,97,0,,0,49047,0,,compact_opt signed-log kernel; two table pages; exact parity with prior compact outputs,
v1_balanced,MATH_ISQRT16,isqrt_u16_u16,stable,unsigned,integer square root,16 -> 16,219.740570,205,258,65536,current exhaustive/profile game-math benchmark,277,0,,0,49047,0,,profile-selected resident implementation,
v1_balanced,MATH_ISQRT32,isqrt_u32_u16,stable,unsigned,integer square root,32 -> 16,1378.900969,1193,1656,4130,current exhaustive/profile game-math benchmark,496,0,,0,49047,0,,profile-selected resident implementation,
v1_balanced,MATH_DIST8_FAST,dist_s8_s8_u8_fast,stable,signed,distance approximation,"s8,s8 -> u8",86.085602,68,104,65536,current exhaustive/profile game-math benchmark,67,0,,0,49047,0,,profile-selected resident implementation,
v1_balanced,MATH_DIST8_ACCURATE,dist_s8_s8_u8_accurate,stable,signed,distance approximation,"s8,s8 -> u8",92.085602,74,110,65536,current exhaustive/profile game-math benchmark,72,0,,0,49047,0,,profile-selected resident implementation,
v1_balanced,MATH_VEC2_NORMALIZE_Q8_8,normalize_s16_s16_s16_s16_q8_8_to_q1_15,stable,signed,vector normalize,2xs16 Q8.8 -> 2xs16 Q1.15,160.150080,84,302,107396,2026-09-21 normalize profile-parity deterministic corpus,881,4,$1A-$1D,0,49047,0,,quadrant-specific paths; certified logarithmic ratio tables,Q8.8 -> Q1.15; certified <=0.3621 deg / <=202 LSB; quadrant-specific paths
v1_balanced,MATH_SEEK8_INIT,seek_u8_u8_init,stable,unsigned,move toward target,"u8 x,u8 y target; Q8.8 speed",601.746936,147,995,4896,2026-09-25 seek profile benchmark (408 moves x speeds; every frame verified),454,0,,0,49047,0,,exact bulk-Bresenham DDA setup; no multiply/divide; init scratch in V1_SCRATCH RAM,"major-axis speed 368.27, Euclidean 835.23, integer 339.48, 1 px/frame 304.17"
v1_balanced,MATH_SEEK8_STEP,seek_u8_u8_step,stable,unsigned,move toward target,"u8 x,u8 y per slot",87.136511,77,91,453020,2026-09-25 seek profile benchmark (408 moves x speeds; every frame verified),176,0,,0,49047,0,,X-indexed per-slot state; carries pre-biased into stored deltas; exact arrival,
v1_balanced,MATH_SEEK8_STEP_INT,seek_u8_u8_step_int,stable,unsigned,move toward target,"u8 x,u8 y per slot",70.992770,61,74,94048,2026-09-25 seek profile benchmark (408 moves x speeds; every frame verified),96,0,,0,49047,0,,X-indexed per-slot state; carries pre-biased into stored deltas; exact arrival,
v1_balanced,MATH_SEEK8_STEP1,seek_u8_u8_step1,stable,unsigned,move toward target,"u8 x,u8 y per slot",65.953959,54,69,44960,2026-09-25 seek profile benchmark (408 moves x speeds; every frame verified),91,0,,0,49047,0,,NMOS DCP distance countdown; X-indexed per-slot state; exact arrival,
v1_balanced,MATH_SEEK16_INIT,seek_u16_u8_init,stable,unsigned,move toward target,"u16 x,u8 y target; Q8.8 speed",783.201389,202,1305,4896,2026-09-25 seek profile benchmark (408 moves x speeds; every frame verified),594,0,,0,49047,0,,exact bulk-Bresenham DDA setup; no multiply/divide; init scratch in V1_SCRATCH RAM,"major-axis speed 529.94, Euclidean 1036.46, integer 506.77, 1 px/frame 420.12"
v1_balanced,MATH_SEEK16_STEP,seek_u16_u8_step,stable,unsigned,move toward target,"u16 x,u8 y per slot",118.277360,102,150,514923,2026-09-25 seek profile benchmark (408 moves x speeds; every frame verified),282,0,,0,49047,0,,X-indexed per-slot state; carries pre-biased into stored deltas; exact arrival,
v1_balanced,MATH_SEEK16_STEP_INT,seek_u16_u8_step_int,stable,unsigned,move toward target,"u16 x,u8 y per slot",103.654782,85,132,107309,2026-09-25 seek profile benchmark (408 moves x speeds; every frame verified),152,0,,0,49047,0,,X-indexed per-slot state; carries pre-biased into stored deltas; exact arrival,
v1_balanced,MATH_SEEK16_STEP1,seek_u16_u8_step1,stable,unsigned,move toward target,"u16 x,u8 y per slot",98.183384,77,121,51324,2026-09-25 seek profile benchmark (408 moves x speeds; every frame verified),143,0,,0,49047,0,,NMOS DCP distance countdown; X-indexed per-slot state; exact arrival,
v2_pareto_fast,MATH_UMUL8,mul_u8_u8_u16,stable,unsigned,multiply,8,78.494614,77,80,65536,canonical harness,54,5,$39-$3D,0,49047,0,,profile-selected existing UMUL8 path; refreshed ZP record candidate rejected by profile resource contract,
v2_pareto_fast,MATH_UMUL16,mul_u16_u16_u32,stable,unsigned,multiply,16,225.837200,214,249,5000,2026-09-14 record-upgrade deterministic comparison corpus,171,17,$21-$31,0,49047,0,,17-ZP qualified record-derived fused quarter-square resident kernel (retained after refresh sweep),
v2_pareto_fast,MATH_UMUL24,mul_u24_u24_u48,stable,unsigned,multiply,24,448.291800,418,503,5000,2026-09-14 record-upgrade deterministic comparison corpus,369,24,$21-$38,0,49047,0,,24-ZP reverse_24zp_carry certified resident kernel (retained; refresh candidate did not win),
v2_pareto_fast,MATH_UMUL32,mul_u32_u32_u64,stable,unsigned,multiply,32,712.235367,652,831,2409,2026-09-20 multiply-refresh deterministic cross-profile corpus,336,31,$02-$20,0,49047,0,,FAST31/V29-derived private q0 unsigned producer; mixed-call-safe public binder,
v2_pareto_fast,MATH_UMUL32_READY,mul_u32_u32_u64_ready,stable,unsigned,multiply-ready,32,697.175781,642,784,1024,2026-09-20 multiply-refresh deterministic cross-profile corpus,320,31,$02-$20,0,49047,0,,FAST31/V29-derived private q0 unsigned producer; mixed-call-safe public binder,
v2_pareto_fast,MATH_SMUL8,mul_s8_s8_s16,stable,signed,multiply,8,67.992188,66,70,65536,2026-09-20 multiply-refresh deterministic cross-profile corpus,46,0,,0,49047,0,,direct signed-domain quarter-square kernel with private signed-sum planes,
v2_pareto_fast,MATH_SMUL16,mul_s16_s16_s32,stable,signed,multiply,16,252.324882,230,293,4457,current native-signed multiply validation,217,116,$80-$F3,0,49047,0,,116-ZP practical native signed quarter-square kernel (retained after FAST17 comparison),
v2_pareto_fast,MATH_SMUL24,mul_s24_s24_s48,stable,signed,multiply,24,487.181818,430,544,2409,current native-signed multiply validation,473,24,$21-$38,0,49047,0,,FAST24 four-quadrant native signed composition; immutable quarter-square tables shared,
v2_pareto_fast,MATH_SMUL32,mul_s32_s32_s64,stable,signed,multiply,32,743.605230,660,873,2409,current native-signed multiply validation,1406,31,$02-$20,0,49047,0,,FAST31/V29 native signed quadrant composition; mixed-call-safe public path,
v2_pareto_fast,MATH_SMUL32_READY,mul_s32_s32_s64_ready,stable,signed,multiply-ready,32,728.041992,643,802,1024,current native-signed multiply validation,1387,31,$02-$20,0,49047,0,,FAST31/V29 native signed quadrant composition; mixed-call-safe public path,
v2_pareto_fast,MATH_UDIV8,div_u8_u8_u8_8,stable,unsigned,divide,8,59.383011,26,634,65536,2026-09-20 unsigned division-family validation,433,1,$10,0,49047,0,,direct-public 8-bit divider; quotient/remainder produced in stable I/O without marshalling,exhaustive
v2_pareto_fast,MATH_UDIV16,div_u16_u16_u16_16,stable,unsigned,divide,16,127.773827,41,1076,4753,2026-09-20 unsigned division-family validation,1469,0,,0,49047,0,,fast direct-public 16-bit divider,structured_random
v2_pareto_fast,MATH_UDIV24,div_u24_u24_u24_24,stable,unsigned,divide,24,183.660846,56,3188,4753,2026-09-20 unsigned division-family validation,1468,3,$10-$12,0,49047,0,,Repose q0-counter/direct-public UDIV24,structured_random
v2_pareto_fast,MATH_UDIV32_16,div_u32_u16_u32_16,stable,unsigned,divide,32/16,753.994530,175,1880,4753,2026-09-20 unsigned division-family validation,1890,12,$10-$1B,0,49047,0,,profile-selected native 32/16 divider,structured_random
v2_pareto_fast,MATH_UMOD8,mod_u8_u8_u8,stable,unsigned,modulo,8,67.284844,51,495,1313,2026-09-20 unsigned division-family validation,131,2,$10-$11,0,49047,0,,direct-public 8-bit divider; quotient/remainder produced in stable I/O without marshalling,
v2_pareto_fast,MATH_UMOD16,mod_u16_u16_u16,stable,unsigned,modulo,16,203.033484,41,1076,1553,2026-09-20 unsigned division-family validation,1469,0,,0,49047,0,,fast direct-public 16-bit divider,
v2_pareto_fast,MATH_UMOD24,mod_u24_u24_u24,stable,unsigned,modulo,24,300.949131,56,3188,1553,2026-09-20 unsigned division-family validation,1468,3,$10-$12,0,49047,0,,Repose q0-counter/direct-public UDIV24,
v2_pareto_fast,MATH_UMOD32_16,mod_u32_u16_u16,stable,unsigned,modulo,32/16,792.160335,178,1883,1553,2026-09-20 unsigned division-family validation,1893,12,$10-$1B,0,49047,0,,profile-selected native 32/16 divider,
v2_pareto_fast,MATH_SDIV8,div_s8_s8_s8_8,stable,signed,divide,8,88.372650,26,600,65536,current native-signed division validation,533,1,$10,0,49047,0,,direct-output native signed 8-bit divider; executable-disjoint from UDIV8,exhaustive
v2_pareto_fast,MATH_SDIV16,div_s16_s16_s16_16,stable,signed,divide,16,169.428135,54,1159,4585,current native-signed division validation,1771,4,$10-$13,0,49047,0,,fast direct-output native signed 16-bit divider,structured_random
v2_pareto_fast,MATH_SDIV24,div_s24_s24_s24_24,stable,signed,divide,24,248.344384,57,3339,4585,current native-signed division validation,1570,9,$10-$18,0,49047,0,,fast direct-output native signed 24-bit divider,structured_random
v2_pareto_fast,MATH_SDIV32_16,div_s32_s16_s32_16,stable,signed,divide,32/16,833.995638,166,1973,4585,current native-signed division validation,2122,12,$44-$4F,0,49047,0,,direct-output native signed 32/16 divider,structured_random
v2_pareto_fast,MATH_SMOD8,mod_s8_s8_s8,stable,signed,modulo/remainder,8,97.066406,26,598,1280,current native-signed division validation,533,1,$10,0,49047,0,,direct-output native signed 8-bit divider; executable-disjoint from UDIV8,
v2_pareto_fast,MATH_SMOD16,mod_s16_s16_s16,stable,signed,modulo/remainder,16,233.088809,54,1159,1385,current native-signed division validation,1771,4,$10-$13,0,49047,0,,fast direct-output native signed 16-bit divider,
v2_pareto_fast,MATH_SMOD24,mod_s24_s24_s24,stable,signed,modulo/remainder,24,337.075090,57,3339,1385,current native-signed division validation,1570,9,$10-$18,0,49047,0,,fast direct-output native signed 24-bit divider,
v2_pareto_fast,MATH_SMOD32_16,mod_s32_s16_s16,stable,signed,modulo/remainder,32/16,861.849097,169,1976,1385,current native-signed division validation,2125,12,$44-$4F,0,49047,0,,direct-output native signed 32/16 divider,
v2_pareto_fast,MATH_UDIV32_32,div_u32_u32_u32_32,stable,unsigned,divide,32/32,401.556389,90,2285,6801,2026-09-20 unsigned division-family validation,869,8,$53-$5A,0,49047,0,,native tiered 32/32 divider with early q=0 gate,structured_random
v2_pareto_fast,MATH_UMOD32_32,mod_u32_u32_u32,stable,unsigned,modulo,32/32,524.881520,90,2285,1553,2026-09-20 unsigned division-family validation,869,8,$53-$5A,0,49047,0,,native tiered 32/32 divider with early q=0 gate,
v2_pareto_fast,MATH_SDIV32_32,div_s32_s32_s32_32,stable,signed,divide,32/32,553.098146,75,2384,6633,current native-signed division validation,894,10,$53-$5C,0,49047,0,,native signed 32/32 magnitude path with redundant zero-test removed,structured_random
v2_pareto_fast,MATH_SMOD32_32,mod_s32_s32_s32,stable,signed,modulo/remainder,32/32,746.032491,75,2384,1385,current native-signed division validation,894,10,$53-$5C,0,49047,0,,native signed 32/32 magnitude path with redundant zero-test removed,
v2_pareto_fast,MATH_UMUL16_SHR8,mul_u16_u16_u24_shr8,stable,unsigned,fixed multiply shift,16x16 >> 8,266.965600,255,290,5000,2026-09-14 post-upgrade deterministic comparison corpus,197,17,$21-$31,0,49047,0,,profile-selected resident implementation,
v2_pareto_fast,MATH_SMUL16_SHR8,mul_s16_s16_s24_shr8,stable,signed,fixed multiply shift,16x16 >> 8,293.411374,271,334,4361,2026-09-20 multiply-refresh deterministic cross-profile corpus,243,116,$80-$F3,0,49047,0,,116-ZP practical native SMUL16 plus SHR8 extraction,
v2_pareto_fast,MATH_UMUL32_SHR16,mul_u32_u32_u48_shr16,stable,unsigned,fixed multiply shift,32x32 >> 16,779.876404,717,896,4361,2026-09-20 multiply-refresh deterministic cross-profile corpus,380,31,$02-$20,0,49047,0,,FAST31/V29-derived UMUL32 producer plus existing SHR16 extraction,
v2_pareto_fast,MATH_SMUL32_SHR16,mul_s32_s32_s48_shr16,stable,signed,fixed multiply shift,32x32 >> 16,812.998853,725,938,4361,2026-09-20 multiply-refresh deterministic cross-profile corpus,1450,31,$02-$20,0,49047,0,,FAST31/V29 SMUL32 producer plus existing SHR16 extraction,
v2_pareto_fast,MATH_UDIV16_SHL8,div_u16_u16_u24_16_shl8,stable,unsigned,fixed divide shift,(16 << 8)/16,764.129182,272,1849,4753,2026-09-20 unsigned division-family validation,1957,16,$10-$1B;$53-$56,0,49047,0,,fixed-point adapter into selected unsigned 32/16 divider,structured_random
v2_pareto_fast,MATH_SDIV16_SHL8,div_s16_s16_s24_16_shl8,stable,signed,fixed divide shift,(16 << 8)/16,834.061287,266,1908,4585,current native-signed division validation,2195,16,$44-$4F;$53-$56,0,49047,0,,fixed-point adapter into selected native signed 32/16 divider,structured_random
v2_pareto_fast,MATH_URECIP16_Q16,recip_u16_u24_q16,stable,unsigned,reciprocal,Q16 from d16,118.523834,41,2138,65536,2026-09-20 unsigned division-family validation,1887,9,$10-$12;$61-$64;$67-$68,0,49047,0,,exact reciprocal ladder with selected profile division fallback,exhaustive
v2_pareto_fast,MATH_SIN8,sin_u8_s8,stable,signed,trig sine,phase8 -> s8,23.000000,23,23,256,current exhaustive/profile game-math benchmark,14,0,,0,49047,0,,profile-selected resident implementation,
v2_pareto_fast,MATH_COS8,cos_u8_s8,stable,signed,trig cosine,phase8 -> s8,23.000000,23,23,256,current exhaustive/profile game-math benchmark,14,0,,0,49047,0,,profile-selected resident implementation,
v2_pareto_fast,MATH_SINCOS8,sincos_u8_s8_s8,stable,signed,trig sincos,phase8 -> 2xs8,31.000000,31,31,256,current exhaustive/profile game-math benchmark,20,0,,0,49047,0,,profile-selected resident implementation,
v2_pareto_fast,MATH_ATAN2_8,atan2_s8_s8_u8,stable,signed,angle,"atan2(s8,s8) -> phase8",44.962814,29,47,65536,current exhaustive/profile game-math benchmark,88,0,,0,49047,0,,sum_fast carry-clearing signed-log kernel; four table pages; exact parity with prior fast outputs,
v2_pareto_fast,MATH_ISQRT16,isqrt_u16_u16,stable,unsigned,integer square root,16 -> 16,205.760590,193,246,65536,current exhaustive/profile game-math benchmark,259,1,$66,0,49047,0,,profile-selected resident implementation,
v2_pareto_fast,MATH_ISQRT32,isqrt_u32_u16,stable,unsigned,integer square root,32 -> 16,1198.619613,1052,1428,4130,current exhaustive/profile game-math benchmark,440,10,$54-$5C;$66,0,49047,0,,profile-selected resident implementation,
v2_pareto_fast,MATH_DIST8_FAST,dist_s8_s8_u8_fast,stable,signed,distance approximation,"s8,s8 -> u8",79.570038,64,95,65536,current exhaustive/profile game-math benchmark,58,2,$5D-$5E,0,49047,0,,profile-selected resident implementation,
v2_pareto_fast,MATH_DIST8_ACCURATE,dist_s8_s8_u8_accurate,stable,signed,distance approximation,"s8,s8 -> u8",85.570038,70,101,65536,current exhaustive/profile game-math benchmark,63,2,$5D-$5E,0,49047,0,,profile-selected resident implementation,
v2_pareto_fast,MATH_VEC2_NORMALIZE_Q8_8,normalize_s16_s16_s16_s16_q8_8_to_q1_15,stable,signed,vector normalize,2xs16 Q8.8 -> 2xs16 Q1.15,160.150080,84,302,107396,2026-09-21 normalize profile-parity deterministic corpus,881,4,$1A-$1D,0,49047,0,,quadrant-specific paths; certified logarithmic ratio tables,Q8.8 -> Q1.15; certified <=0.3621 deg / <=202 LSB; quadrant-specific paths
v2_pareto_fast,MATH_SEEK8_INIT,seek_u8_u8_init,stable,unsigned,move toward target,"u8 x,u8 y target; Q8.8 speed",543.965482,137,888,4896,2026-09-25 seek profile benchmark (408 moves x speeds; every frame verified),392,14,$53-$5F;$65,0,49047,0,,exact bulk-Bresenham DDA setup; no multiply/divide; init scratch in game-scratch ZP,"major-axis speed 336.52, Euclidean 751.41, integer 310.57, 1 px/frame 279.43"
v2_pareto_fast,MATH_SEEK8_STEP,seek_u8_u8_step,stable,unsigned,move toward target,"u8 x,u8 y per slot",87.136511,77,91,453020,2026-09-25 seek profile benchmark (408 moves x speeds; every frame verified),176,0,,0,49047,0,,X-indexed per-slot state; carries pre-biased into stored deltas; exact arrival,
v2_pareto_fast,MATH_SEEK8_STEP_INT,seek_u8_u8_step_int,stable,unsigned,move toward target,"u8 x,u8 y per slot",70.992770,61,74,94048,2026-09-25 seek profile benchmark (408 moves x speeds; every frame verified),96,0,,0,49047,0,,X-indexed per-slot state; carries pre-biased into stored deltas; exact arrival,
v2_pareto_fast,MATH_SEEK8_STEP1,seek_u8_u8_step1,stable,unsigned,move toward target,"u8 x,u8 y per slot",65.953959,54,69,44960,2026-09-25 seek profile benchmark (408 moves x speeds; every frame verified),91,0,,0,49047,0,,NMOS DCP distance countdown; X-indexed per-slot state; exact arrival,
v2_pareto_fast,MATH_SEEK16_INIT,seek_u16_u8_init,stable,unsigned,move toward target,"u16 x,u8 y target; Q8.8 speed",702.713848,187,1150,4896,2026-09-25 seek profile benchmark (408 moves x speeds; every frame verified),503,18,$53-$64,0,49047,0,,exact bulk-Bresenham DDA setup; no multiply/divide; init scratch in game-scratch ZP,"major-axis speed 479.62, Euclidean 925.81, integer 458.07, 1 px/frame 382.66"
v2_pareto_fast,MATH_SEEK16_STEP,seek_u16_u8_step,stable,unsigned,move toward target,"u16 x,u8 y per slot",118.688882,102,150,514923,2026-09-25 seek profile benchmark (408 moves x speeds; every frame verified),282,0,,0,49047,0,,X-indexed per-slot state; carries pre-biased into stored deltas; exact arrival,
v2_pareto_fast,MATH_SEEK16_STEP_INT,seek_u16_u8_step_int,stable,unsigned,move toward target,"u16 x,u8 y per slot",103.654782,85,132,107309,2026-09-25 seek profile benchmark (408 moves x speeds; every frame verified),152,0,,0,49047,0,,X-indexed per-slot state; carries pre-biased into stored deltas; exact arrival,
v2_pareto_fast,MATH_SEEK16_STEP1,seek_u16_u8_step1,stable,unsigned,move toward target,"u16 x,u8 y per slot",98.183384,77,121,51324,2026-09-25 seek profile benchmark (408 moves x speeds; every frame verified),143,0,,0,49047,0,,NMOS DCP distance countdown; X-indexed per-slot state; exact arrival,
v3_reu_512k,MATH_UMUL8,mul_u8_u8_u16,stable,unsigned,multiply,8,69.000000,,,,REU transport model,49,0,,0,49047,524288,,profile-selected existing UMUL8 path; refreshed ZP record candidate rejected by profile resource contract,
v3_reu_512k,MATH_UMUL16,mul_u16_u16_u32,stable,unsigned,multiply,16,225.837200,214,249,5000,2026-09-14 record-upgrade deterministic comparison corpus,171,17,$21-$31,0,49047,524288,,17-ZP qualified record-derived fused quarter-square resident kernel (retained after refresh sweep),
v3_reu_512k,MATH_UMUL24,mul_u24_u24_u48,stable,unsigned,multiply,24,448.291800,418,503,5000,2026-09-14 record-upgrade deterministic comparison corpus,369,24,$21-$38,0,49047,524288,,24-ZP reverse_24zp_carry certified resident kernel (retained; refresh candidate did not win),
v3_reu_512k,MATH_UMUL32,mul_u32_u32_u64,stable,unsigned,multiply,32,712.235367,652,831,2409,2026-09-20 multiply-refresh deterministic cross-profile corpus,336,31,$02-$20,0,49047,524288,,FAST31/V29-derived private q0 unsigned producer; mixed-call-safe public binder,
v3_reu_512k,MATH_UMUL32_READY,mul_u32_u32_u64_ready,stable,unsigned,multiply-ready,32,697.175781,642,784,1024,2026-09-20 multiply-refresh deterministic cross-profile corpus,320,31,$02-$20,0,49047,524288,,FAST31/V29-derived private q0 unsigned producer; mixed-call-safe public binder,
v3_reu_512k,MATH_SMUL8,mul_s8_s8_s16,stable,signed,multiply,8,67.992188,66,70,65536,2026-09-20 multiply-refresh deterministic cross-profile corpus,46,0,,0,49047,524288,,direct signed-domain quarter-square kernel with private signed-sum planes,
v3_reu_512k,MATH_SMUL16,mul_s16_s16_s32,stable,signed,multiply,16,252.623962,230,293,4457,current native-signed multiply validation,217,116,$80-$F3,0,49047,524288,,116-ZP practical native signed quarter-square kernel (retained after FAST17 comparison),
v3_reu_512k,MATH_SMUL24,mul_s24_s24_s48,stable,signed,multiply,24,486.816106,430,546,2409,current native-signed multiply validation,473,24,$21-$38,0,49047,524288,,FAST24 four-quadrant native signed composition; immutable quarter-square tables shared,
v3_reu_512k,MATH_SMUL32,mul_s32_s32_s64,stable,signed,multiply,32,744.033209,660,873,2409,current native-signed multiply validation,1406,31,$02-$20,0,49047,524288,,FAST31/V29 native signed quadrant composition; mixed-call-safe public path,
v3_reu_512k,MATH_SMUL32_READY,mul_s32_s32_s64_ready,stable,signed,multiply-ready,32,728.544922,648,809,1024,current native-signed multiply validation,1387,31,$02-$20,0,49047,524288,,FAST31/V29 native signed quadrant composition; mixed-call-safe public path,
v3_reu_512k,MATH_UDIV8,div_u8_u8_u8_8,stable,unsigned,divide,8,70.863281,36,71,65536,2026-09-20 unsigned division-family validation,61,0,,0,49047,524288,,direct-public 8-bit divider; quotient/remainder produced in stable I/O without marshalling,exhaustive
v3_reu_512k,MATH_UDIV16,div_u16_u16_u16_16,stable,unsigned,divide,16,125.423943,41,1076,4753,2026-09-20 unsigned division-family validation,1469,0,,0,49047,524288,,fast direct-public 16-bit divider,structured_random
v3_reu_512k,MATH_UDIV24,div_u24_u24_u24_24,stable,unsigned,divide,24,191.745424,56,3188,4753,2026-09-20 unsigned division-family validation,1468,3,$10-$12,0,49047,524288,,Repose q0-counter/direct-public UDIV24,structured_random
v3_reu_512k,MATH_UDIV32_16,div_u32_u16_u32_16,stable,unsigned,divide,32/16,755.944246,175,1880,4753,2026-09-20 unsigned division-family validation,1890,12,$10-$1B,0,49047,524288,,profile-selected native 32/16 divider,structured_random
v3_reu_512k,MATH_UMOD8,mod_u8_u8_u8,stable,unsigned,modulo,8,49.712110,32,50,1313,2026-09-20 unsigned division-family validation,42,0,,0,49047,524288,,REU direct remainder plane retained; direct-public UDIV8 selected separately,
v3_reu_512k,MATH_UMOD16,mod_u16_u16_u16,stable,unsigned,modulo,16,203.396008,41,1076,1553,2026-09-20 unsigned division-family validation,1469,0,,0,49047,524288,,fast direct-public 16-bit divider,
v3_reu_512k,MATH_UMOD24,mod_u24_u24_u24,stable,unsigned,modulo,24,302.914359,56,3188,1553,2026-09-20 unsigned division-family validation,1468,3,$10-$12,0,49047,524288,,Repose q0-counter/direct-public UDIV24,
v3_reu_512k,MATH_UMOD32_16,mod_u32_u16_u16,stable,unsigned,modulo,32/16,789.650998,178,1883,1553,2026-09-20 unsigned division-family validation,1893,12,$10-$1B,0,49047,524288,,profile-selected native 32/16 divider,
v3_reu_512k,MATH_SDIV8,div_s8_s8_s8_8,stable,signed,divide,8,88.372650,26,600,65536,current native-signed division validation,533,1,$10,0,49047,524288,,direct-output native signed 8-bit divider; executable-disjoint from UDIV8,exhaustive
v3_reu_512k,MATH_SDIV16,div_s16_s16_s16_16,stable,signed,divide,16,171.806325,54,1159,4585,current native-signed division validation,1771,4,$10-$13,0,49047,524288,,fast direct-output native signed 16-bit divider,structured_random
v3_reu_512k,MATH_SDIV24,div_s24_s24_s24_24,stable,signed,divide,24,236.810251,68,3314,4585,current native-signed division validation,1894,9,$10-$18,0,49047,524288,,Repose-derived direct-output native signed 24-bit divider with private magnitude engine,structured_random
v3_reu_512k,MATH_SDIV32_16,div_s32_s16_s32_16,stable,signed,divide,32/16,833.572737,166,1973,4585,current native-signed division validation,2122,12,$44-$4F,0,49047,524288,,direct-output native signed 32/16 divider,structured_random
v3_reu_512k,MATH_SMOD8,mod_s8_s8_s8,stable,signed,modulo/remainder,8,97.152344,26,598,1280,current native-signed division validation,533,1,$10,0,49047,524288,,direct-output native signed 8-bit divider; executable-disjoint from UDIV8,
v3_reu_512k,MATH_SMOD16,mod_s16_s16_s16,stable,signed,modulo/remainder,16,235.588448,54,1159,1385,current native-signed division validation,1771,4,$10-$13,0,49047,524288,,fast direct-output native signed 16-bit divider,
v3_reu_512k,MATH_SMOD24,mod_s24_s24_s24,stable,signed,modulo/remainder,24,329.971841,68,3314,1385,current native-signed division validation,1894,9,$10-$18,0,49047,524288,,Repose-derived direct-output native signed 24-bit divider with private magnitude engine,
v3_reu_512k,MATH_SMOD32_16,mod_s32_s16_s16,stable,signed,modulo/remainder,32/16,863.249097,169,1976,1385,current native-signed division validation,2125,12,$44-$4F,0,49047,524288,,direct-output native signed 32/16 divider,
v3_reu_512k,MATH_UDIV32_32,div_u32_u32_u32_32,stable,unsigned,divide,32/32,395.884576,90,2285,6801,2026-09-20 unsigned division-family validation,869,8,$53-$5A,0,49047,524288,,native tiered 32/32 divider with early q=0 gate,structured_random
v3_reu_512k,MATH_UMOD32_32,mod_u32_u32_u32,stable,unsigned,modulo,32/32,518.802962,90,2285,1553,2026-09-20 unsigned division-family validation,869,8,$53-$5A,0,49047,524288,,native tiered 32/32 divider with early q=0 gate,
v3_reu_512k,MATH_SDIV32_32,div_s32_s32_s32_32,stable,signed,divide,32/32,552.481381,75,2384,6633,current native-signed division validation,894,10,$53-$5C,0,49047,524288,,native signed 32/32 magnitude path with redundant zero-test removed,structured_random
v3_reu_512k,MATH_SMOD32_32,mod_s32_s32_s32,stable,signed,modulo/remainder,32/32,742.016606,75,2384,1385,current native-signed division validation,894,10,$53-$5C,0,49047,524288,,native signed 32/32 magnitude path with redundant zero-test removed,
v3_reu_512k,MATH_UMUL16_SHR8,mul_u16_u16_u24_shr8,stable,unsigned,fixed multiply shift,16x16 >> 8,266.965600,255,290,5000,2026-09-14 post-upgrade deterministic comparison corpus,197,17,$21-$31,0,49047,524288,,profile-selected resident implementation,
v3_reu_512k,MATH_SMUL16_SHR8,mul_s16_s16_s24_shr8,stable,signed,fixed multiply shift,16x16 >> 8,293.411374,271,334,4361,2026-09-20 multiply-refresh deterministic cross-profile corpus,243,116,$80-$F3,0,49047,524288,,116-ZP practical native SMUL16 plus SHR8 extraction,
v3_reu_512k,MATH_UMUL32_SHR16,mul_u32_u32_u48_shr16,stable,unsigned,fixed multiply shift,32x32 >> 16,779.876404,717,896,4361,2026-09-20 multiply-refresh deterministic cross-profile corpus,380,31,$02-$20,0,49047,524288,,FAST31/V29-derived UMUL32 producer plus existing SHR16 extraction,
v3_reu_512k,MATH_SMUL32_SHR16,mul_s32_s32_s48_shr16,stable,signed,fixed multiply shift,32x32 >> 16,812.998853,725,938,4361,2026-09-20 multiply-refresh deterministic cross-profile corpus,1450,31,$02-$20,0,49047,524288,,FAST31/V29 SMUL32 producer plus existing SHR16 extraction,
v3_reu_512k,MATH_UDIV16_SHL8,div_u16_u16_u24_16_shl8,stable,unsigned,fixed divide shift,(16 << 8)/16,764.339154,272,1849,4753,2026-09-20 unsigned division-family validation,1957,16,$10-$1B;$53-$56,0,49047,524288,,fixed-point adapter into selected unsigned 32/16 divider,structured_random
v3_reu_512k,MATH_SDIV16_SHL8,div_s16_s16_s24_16_shl8,stable,signed,fixed divide shift,(16 << 8)/16,832.687023,266,1908,4585,current native-signed division validation,2195,16,$44-$4F;$53-$56,0,49047,524288,,fixed-point adapter into selected native signed 32/16 divider,structured_random
v3_reu_512k,MATH_URECIP16_Q16,recip_u16_u24_q16,stable,unsigned,reciprocal,Q16 from d16,66.233795,41,239,65536,2026-09-20 unsigned division-family validation,430,0,,0,49047,524288,,exact reciprocal ladder with selected profile division fallback,exhaustive
v3_reu_512k,MATH_SIN8,sin_u8_s8,stable,signed,trig sine,phase8 -> s8,23.000000,23,23,256,current exhaustive/profile game-math benchmark,14,0,,0,49047,524288,,profile-selected resident implementation,
v3_reu_512k,MATH_COS8,cos_u8_s8,stable,signed,trig cosine,phase8 -> s8,23.000000,23,23,256,current exhaustive/profile game-math benchmark,14,0,,0,49047,524288,,profile-selected resident implementation,
v3_reu_512k,MATH_SINCOS8,sincos_u8_s8_s8,stable,signed,trig sincos,phase8 -> 2xs8,31.000000,31,31,256,current exhaustive/profile game-math benchmark,20,0,,0,49047,524288,,profile-selected resident implementation,
v3_reu_512k,MATH_ATAN2_8,atan2_s8_s8_u8,stable,signed,angle,"atan2(s8,s8) -> phase8",44.962814,29,47,65536,current exhaustive/profile game-math benchmark,88,0,,0,49047,524288,,sum_fast carry-clearing signed-log kernel; four table pages; exact parity with prior fast outputs,
v3_reu_512k,MATH_ISQRT16,isqrt_u16_u16,stable,unsigned,integer square root,16 -> 16,204.992523,192,246,65536,current exhaustive/profile game-math benchmark,259,1,$66,0,49047,524288,,profile-selected resident implementation,
v3_reu_512k,MATH_ISQRT32,isqrt_u32_u16,stable,unsigned,integer square root,32 -> 16,1197.859322,1051,1428,4130,current exhaustive/profile game-math benchmark,440,10,$54-$5C;$66,0,49047,524288,,profile-selected resident implementation,
v3_reu_512k,MATH_DIST8_FAST,dist_s8_s8_u8_fast,stable,signed,distance approximation,"s8,s8 -> u8",79.070038,63,95,65536,current exhaustive/profile game-math benchmark,58,2,$5D-$5E,0,49047,524288,,profile-selected resident implementation,
v3_reu_512k,MATH_DIST8_ACCURATE,dist_s8_s8_u8_accurate,stable,signed,distance approximation,"s8,s8 -> u8",85.070038,69,101,65536,current exhaustive/profile game-math benchmark,63,2,$5D-$5E,0,49047,524288,,profile-selected resident implementation,
v3_reu_512k,MATH_VEC2_NORMALIZE_Q8_8,normalize_s16_s16_s16_s16_q8_8_to_q1_15,stable,signed,vector normalize,2xs16 Q8.8 -> 2xs16 Q1.15,156.661198,84,298,107396,2026-09-21 normalize profile-parity deterministic corpus,849,4,$1A-$1D,0,49047,524288,,quadrant-specific paths; existing REU ratio-index lookup,Q8.8 -> Q1.15; certified <=0.3621 deg / <=202 LSB; quadrant-specific paths
v3_reu_512k,MATH_SEEK8_INIT,seek_u8_u8_init,stable,unsigned,move toward target,"u8 x,u8 y target; Q8.8 speed",544.686887,137,890,4896,2026-09-25 seek profile benchmark (408 moves x speeds; every frame verified),392,14,$53-$5F;$65,0,49047,524288,,exact bulk-Bresenham DDA setup; no multiply/divide; init scratch in game-scratch ZP,"major-axis speed 337.11, Euclidean 752.27, integer 311.01, 1 px/frame 279.87"
v3_reu_512k,MATH_SEEK8_STEP,seek_u8_u8_step,stable,unsigned,move toward target,"u8 x,u8 y per slot",87.136511,77,91,453020,2026-09-25 seek profile benchmark (408 moves x speeds; every frame verified),176,0,,0,49047,524288,,X-indexed per-slot state; carries pre-biased into stored deltas; exact arrival,
v3_reu_512k,MATH_SEEK8_STEP_INT,seek_u8_u8_step_int,stable,unsigned,move toward target,"u8 x,u8 y per slot",70.992770,61,74,94048,2026-09-25 seek profile benchmark (408 moves x speeds; every frame verified),96,0,,0,49047,524288,,X-indexed per-slot state; carries pre-biased into stored deltas; exact arrival,
v3_reu_512k,MATH_SEEK8_STEP1,seek_u8_u8_step1,stable,unsigned,move toward target,"u8 x,u8 y per slot",65.953959,54,69,44960,2026-09-25 seek profile benchmark (408 moves x speeds; every frame verified),91,0,,0,49047,524288,,NMOS DCP distance countdown; X-indexed per-slot state; exact arrival,
v3_reu_512k,MATH_SEEK16_INIT,seek_u16_u8_init,stable,unsigned,move toward target,"u16 x,u8 y target; Q8.8 speed",701.543505,187,1150,4896,2026-09-25 seek profile benchmark (408 moves x speeds; every frame verified),503,18,$53-$64,0,49047,524288,,exact bulk-Bresenham DDA setup; no multiply/divide; init scratch in game-scratch ZP,"major-axis speed 477.95, Euclidean 925.13, integer 456.21, 1 px/frame 381.68"
v3_reu_512k,MATH_SEEK16_STEP,seek_u16_u8_step,stable,unsigned,move toward target,"u16 x,u8 y per slot",118.277360,102,150,514923,2026-09-25 seek profile benchmark (408 moves x speeds; every frame verified),282,0,,0,49047,524288,,X-indexed per-slot state; carries pre-biased into stored deltas; exact arrival,
v3_reu_512k,MATH_SEEK16_STEP_INT,seek_u16_u8_step_int,stable,unsigned,move toward target,"u16 x,u8 y per slot",103.654782,85,132,107309,2026-09-25 seek profile benchmark (408 moves x speeds; every frame verified),152,0,,0,49047,524288,,X-indexed per-slot state; carries pre-biased into stored deltas; exact arrival,
v3_reu_512k,MATH_SEEK16_STEP1,seek_u16_u8_step1,stable,unsigned,move toward target,"u16 x,u8 y per slot",98.183384,77,121,51324,2026-09-25 seek profile benchmark (408 moves x speeds; every frame verified),143,0,,0,49047,524288,,NMOS DCP distance countdown; X-indexed per-slot state; exact arrival,
v4_reu_16m,MATH_UMUL8,mul_u8_u8_u16,stable,unsigned,multiply,8,69.000000,,,,unchanged V3 path/evidence,49,0,,0,49047,16777216,,profile-selected existing UMUL8 path; refreshed ZP record candidate rejected by profile resource contract,
v4_reu_16m,MATH_UMUL16,mul_u16_u16_u32,stable,unsigned,multiply,16,225.837200,214,249,5000,2026-09-14 record-upgrade deterministic comparison corpus,171,17,$21-$31,0,49047,16777216,,17-ZP qualified record-derived fused quarter-square resident kernel (retained after refresh sweep),
v4_reu_16m,MATH_UMUL24,mul_u24_u24_u48,stable,unsigned,multiply,24,448.291800,418,503,5000,2026-09-14 record-upgrade deterministic comparison corpus,369,24,$21-$38,0,49047,16777216,,24-ZP reverse_24zp_carry certified resident kernel (retained; refresh candidate did not win),
v4_reu_16m,MATH_UMUL32,mul_u32_u32_u64,stable,unsigned,multiply,32,712.235367,652,831,2409,2026-09-20 multiply-refresh deterministic cross-profile corpus,336,31,$02-$20,0,49047,16777216,,FAST31/V29-derived private q0 unsigned producer; mixed-call-safe public binder,
v4_reu_16m,MATH_UMUL32_READY,mul_u32_u32_u64_ready,stable,unsigned,multiply-ready,32,697.175781,642,784,1024,2026-09-20 multiply-refresh deterministic cross-profile corpus,320,31,$02-$20,0,49047,16777216,,FAST31/V29-derived private q0 unsigned producer; mixed-call-safe public binder,
v4_reu_16m,MATH_SMUL8,mul_s8_s8_s16,stable,signed,multiply,8,67.992188,66,70,65536,2026-09-20 multiply-refresh deterministic cross-profile corpus,46,0,,0,49047,16777216,,direct signed-domain quarter-square kernel with private signed-sum planes,
v4_reu_16m,MATH_SMUL16,mul_s16_s16_s32,stable,signed,multiply,16,252.662553,230,293,4457,current native-signed multiply validation,217,116,$80-$F3,0,49047,16777216,,116-ZP practical native signed quarter-square kernel (retained after FAST17 comparison),
v4_reu_16m,MATH_SMUL24,mul_s24_s24_s48,stable,signed,multiply,24,487.220008,430,550,2409,current native-signed multiply validation,473,24,$21-$38,0,49047,16777216,,FAST24 four-quadrant native signed composition; immutable quarter-square tables shared,
v4_reu_16m,MATH_SMUL32,mul_s32_s32_s64,stable,signed,multiply,32,744.090079,660,873,2409,current native-signed multiply validation,1406,31,$02-$20,0,49047,16777216,,FAST31/V29 native signed quadrant composition; mixed-call-safe public path,
v4_reu_16m,MATH_SMUL32_READY,mul_s32_s32_s64_ready,stable,signed,multiply-ready,32,726.368164,643,825,1024,current native-signed multiply validation,1387,31,$02-$20,0,49047,16777216,,FAST31/V29 native signed quadrant composition; mixed-call-safe public path,
v4_reu_16m,MATH_UDIV8,div_u8_u8_u8_8,stable,unsigned,divide,8,70.863281,36,71,65536,2026-09-20 unsigned division-family validation,61,0,,0,49047,16777216,,direct-public 8-bit divider; quotient/remainder produced in stable I/O without marshalling,exhaustive
v4_reu_16m,MATH_UDIV16,div_u16_u16_u16_16,stable,unsigned,divide,16,125.625710,41,1076,4753,2026-09-20 unsigned division-family validation,1469,0,,0,49047,16777216,,fast direct-public 16-bit divider,structured_random
v4_reu_16m,MATH_UDIV24,div_u24_u24_u24_24,stable,unsigned,divide,24,187.307174,56,3188,4753,2026-09-20 unsigned division-family validation,1468,3,$10-$12,0,49047,16777216,,Repose q0-counter/direct-public UDIV24,structured_random
v4_reu_16m,MATH_UDIV32_16,div_u32_u16_u32_16,stable,unsigned,divide,32/16,757.480328,175,1880,4753,2026-09-20 unsigned division-family validation,1890,12,$10-$1B,0,49047,16777216,,profile-selected native 32/16 divider,structured_random
v4_reu_16m,MATH_UMOD8,mod_u8_u8_u8,stable,unsigned,modulo,8,49.725819,32,50,1313,2026-09-20 unsigned division-family validation,42,0,,0,49047,16777216,,REU direct remainder plane retained; direct-public UDIV8 selected separately,
v4_reu_16m,MATH_UMOD16,mod_u16_u16_u16,stable,unsigned,modulo,16,202.557630,41,1076,1553,2026-09-20 unsigned division-family validation,1469,0,,0,49047,16777216,,fast direct-public 16-bit divider,
v4_reu_16m,MATH_UMOD24,mod_u24_u24_u24,stable,unsigned,modulo,24,301.613007,56,3188,1553,2026-09-20 unsigned division-family validation,1468,3,$10-$12,0,49047,16777216,,Repose q0-counter/direct-public UDIV24,
v4_reu_16m,MATH_UMOD32_16,mod_u32_u16_u16,stable,unsigned,modulo,32/16,789.841597,178,1883,1553,2026-09-20 unsigned division-family validation,1893,12,$10-$1B,0,49047,16777216,,profile-selected native 32/16 divider,
v4_reu_16m,MATH_SDIV8,div_s8_s8_s8_8,stable,signed,divide,8,89.009821,26,598,4480,current native-signed division validation,533,1,$10,0,49047,16777216,,direct-output native signed 8-bit divider; executable-disjoint from UDIV8,structured_random
v4_reu_16m,MATH_SDIV16,div_s16_s16_s16_16,stable,signed,divide,16,169.754198,54,1159,4585,current native-signed division validation,1771,4,$10-$13,0,49047,16777216,,fast direct-output native signed 16-bit divider,structured_random
v4_reu_16m,MATH_SDIV24,div_s24_s24_s24_24,stable,signed,divide,24,237.569466,68,3314,4585,current native-signed division validation,1894,9,$10-$18,0,49047,16777216,,Repose-derived direct-output native signed 24-bit divider with private magnitude engine,structured_random
v4_reu_16m,MATH_SDIV32_16,div_s32_s16_s32_16,stable,signed,divide,32/16,829.631189,166,1973,4585,current native-signed division validation,2122,12,$44-$4F,0,49047,16777216,,direct-output native signed 32/16 divider,structured_random
v4_reu_16m,MATH_SMOD8,mod_s8_s8_s8,stable,signed,modulo/remainder,8,99.020313,26,598,1280,current native-signed division validation,533,1,$10,0,49047,16777216,,direct-output native signed 8-bit divider; executable-disjoint from UDIV8,
v4_reu_16m,MATH_SMOD16,mod_s16_s16_s16,stable,signed,modulo/remainder,16,229.269314,54,1159,1385,current native-signed division validation,1771,4,$10-$13,0,49047,16777216,,fast direct-output native signed 16-bit divider,
v4_reu_16m,MATH_SMOD24,mod_s24_s24_s24,stable,signed,modulo/remainder,24,326.184838,68,3314,1385,current native-signed division validation,1894,9,$10-$18,0,49047,16777216,,Repose-derived direct-output native signed 24-bit divider with private magnitude engine,
v4_reu_16m,MATH_SMOD32_16,mod_s32_s16_s16,stable,signed,modulo/remainder,32/16,861.002888,169,1976,1385,current native-signed division validation,2125,12,$44-$4F,0,49047,16777216,,direct-output native signed 32/16 divider,
v4_reu_16m,MATH_UDIV32_32,div_u32_u32_u32_32,stable,unsigned,divide,32/32,404.408910,90,2285,6801,2026-09-20 unsigned division-family validation,869,8,$53-$5A,0,49047,16777216,,native tiered 32/32 divider with early q=0 gate,structured_random
v4_reu_16m,MATH_UMOD32_32,mod_u32_u32_u32,stable,unsigned,modulo,32/32,516.780425,90,2285,1553,2026-09-20 unsigned division-family validation,869,8,$53-$5A,0,49047,16777216,,native tiered 32/32 divider with early q=0 gate,
v4_reu_16m,MATH_SDIV32_32,div_s32_s32_s32_32,stable,signed,divide,32/32,552.840042,75,2384,6633,current native-signed division validation,894,10,$53-$5C,0,49047,16777216,,native signed 32/32 magnitude path with redundant zero-test removed,structured_random
v4_reu_16m,MATH_SMOD32_32,mod_s32_s32_s32,stable,signed,modulo/remainder,32/32,754.883032,75,2384,1385,current native-signed division validation,894,10,$53-$5C,0,49047,16777216,,native signed 32/32 magnitude path with redundant zero-test removed,
v4_reu_16m,MATH_UMUL16_SHR8,mul_u16_u16_u24_shr8,stable,unsigned,fixed multiply shift,16x16 >> 8,266.965600,255,290,5000,2026-09-14 post-upgrade deterministic comparison corpus,197,17,$21-$31,0,49047,16777216,,profile-selected resident implementation,
v4_reu_16m,MATH_SMUL16_SHR8,mul_s16_s16_s24_shr8,stable,signed,fixed multiply shift,16x16 >> 8,293.411374,271,334,4361,2026-09-20 multiply-refresh deterministic cross-profile corpus,243,116,$80-$F3,0,49047,16777216,,116-ZP practical native SMUL16 plus SHR8 extraction,
v4_reu_16m,MATH_UMUL32_SHR16,mul_u32_u32_u48_shr16,stable,unsigned,fixed multiply shift,32x32 >> 16,779.876404,717,896,4361,2026-09-20 multiply-refresh deterministic cross-profile corpus,380,31,$02-$20,0,49047,16777216,,FAST31/V29-derived UMUL32 producer plus existing SHR16 extraction,
v4_reu_16m,MATH_SMUL32_SHR16,mul_s32_s32_s48_shr16,stable,signed,fixed multiply shift,32x32 >> 16,812.998853,725,938,4361,2026-09-20 multiply-refresh deterministic cross-profile corpus,1450,31,$02-$20,0,49047,16777216,,FAST31/V29 SMUL32 producer plus existing SHR16 extraction,
v4_reu_16m,MATH_UDIV16_SHL8,div_u16_u16_u24_16_shl8,stable,unsigned,fixed divide shift,(16 << 8)/16,764.628235,272,1849,4753,2026-09-20 unsigned division-family validation,1957,16,$10-$1B;$53-$56,0,49047,16777216,,fixed-point adapter into selected unsigned 32/16 divider,structured_random
v4_reu_16m,MATH_SDIV16_SHL8,div_s16_s16_s24_16_shl8,stable,signed,fixed divide shift,(16 << 8)/16,831.029880,266,1908,4585,current native-signed division validation,2195,16,$44-$4F;$53-$56,0,49047,16777216,,fixed-point adapter into selected native signed 32/16 divider,structured_random
v4_reu_16m,MATH_URECIP16_Q16,recip_u16_u24_q16,stable,unsigned,reciprocal,Q16 from d16,66.233795,41,239,65536,2026-09-20 unsigned division-family validation,430,0,,0,49047,16777216,,exact reciprocal ladder with selected profile division fallback,exhaustive
v4_reu_16m,MATH_SIN8,sin_u8_s8,stable,signed,trig sine,phase8 -> s8,23.000000,23,23,256,current exhaustive/profile game-math benchmark,14,0,,0,49047,16777216,,profile-selected resident implementation,
v4_reu_16m,MATH_COS8,cos_u8_s8,stable,signed,trig cosine,phase8 -> s8,23.000000,23,23,256,current exhaustive/profile game-math benchmark,14,0,,0,49047,16777216,,profile-selected resident implementation,
v4_reu_16m,MATH_SINCOS8,sincos_u8_s8_s8,stable,signed,trig sincos,phase8 -> 2xs8,31.000000,31,31,256,current exhaustive/profile game-math benchmark,20,0,,0,49047,16777216,,profile-selected resident implementation,
v4_reu_16m,MATH_ATAN2_8,atan2_s8_s8_u8,stable,signed,angle,"atan2(s8,s8) -> phase8",48.000000,48,48,65536,current exhaustive/profile game-math benchmark,33,0,,0,49047,16777216,,exact signed-byte phase plane in REU bank 8,
v4_reu_16m,MATH_ISQRT16,isqrt_u16_u16,stable,unsigned,integer square root,16 -> 16,54.000000,54,54,65536,current exhaustive/profile game-math benchmark,38,0,,0,49047,16777216,,profile-selected resident implementation,
v4_reu_16m,MATH_ISQRT32,isqrt_u32_u16,stable,unsigned,integer square root,32 -> 16,1046.622518,899,1237,4130,current exhaustive/profile game-math benchmark,219,9,$54-$5C,0,49047,16777216,,profile-selected resident implementation,
v4_reu_16m,MATH_DIST8_FAST,dist_s8_s8_u8_fast,stable,signed,distance approximation,"s8,s8 -> u8",79.070038,63,95,65536,current exhaustive/profile game-math benchmark,58,2,$5D-$5E,0,49047,16777216,,profile-selected resident implementation,
v4_reu_16m,MATH_DIST8_ACCURATE,dist_s8_s8_u8_accurate,stable,signed,distance approximation,"s8,s8 -> u8",85.070038,69,101,65536,current exhaustive/profile game-math benchmark,63,2,$5D-$5E,0,49047,16777216,,profile-selected resident implementation,
v4_reu_16m,MATH_VEC2_NORMALIZE_Q8_8,normalize_s16_s16_s16_s16_q8_8_to_q1_15,stable,signed,vector normalize,2xs16 Q8.8 -> 2xs16 Q1.15,156.661198,84,298,107396,2026-09-21 normalize profile-parity deterministic corpus,849,4,$1A-$1D,0,49047,16777216,,quadrant-specific paths; existing REU ratio-index lookup,Q8.8 -> Q1.15; certified <=0.3621 deg / <=202 LSB; quadrant-specific paths
v4_reu_16m,MATH_SEEK8_INIT,seek_u8_u8_init,stable,unsigned,move toward target,"u8 x,u8 y target; Q8.8 speed",544.686887,137,890,4896,2026-09-25 seek profile benchmark (408 moves x speeds; every frame verified),392,14,$53-$5F;$65,0,49047,16777216,,exact bulk-Bresenham DDA setup; no multiply/divide; init scratch in game-scratch ZP,"major-axis speed 337.11, Euclidean 752.27, integer 311.01, 1 px/frame 279.87"
v4_reu_16m,MATH_SEEK8_STEP,seek_u8_u8_step,stable,unsigned,move toward target,"u8 x,u8 y per slot",87.136511,77,91,453020,2026-09-25 seek profile benchmark (408 moves x speeds; every frame verified),176,0,,0,49047,16777216,,X-indexed per-slot state; carries pre-biased into stored deltas; exact arrival,
v4_reu_16m,MATH_SEEK8_STEP_INT,seek_u8_u8_step_int,stable,unsigned,move toward target,"u8 x,u8 y per slot",70.992770,61,74,94048,2026-09-25 seek profile benchmark (408 moves x speeds; every frame verified),96,0,,0,49047,16777216,,X-indexed per-slot state; carries pre-biased into stored deltas; exact arrival,
v4_reu_16m,MATH_SEEK8_STEP1,seek_u8_u8_step1,stable,unsigned,move toward target,"u8 x,u8 y per slot",65.953959,54,69,44960,2026-09-25 seek profile benchmark (408 moves x speeds; every frame verified),91,0,,0,49047,16777216,,NMOS DCP distance countdown; X-indexed per-slot state; exact arrival,
v4_reu_16m,MATH_SEEK16_INIT,seek_u16_u8_init,stable,unsigned,move toward target,"u16 x,u8 y target; Q8.8 speed",701.543505,187,1150,4896,2026-09-25 seek profile benchmark (408 moves x speeds; every frame verified),503,18,$53-$64,0,49047,16777216,,exact bulk-Bresenham DDA setup; no multiply/divide; init scratch in game-scratch ZP,"major-axis speed 477.95, Euclidean 925.13, integer 456.21, 1 px/frame 381.68"
v4_reu_16m,MATH_SEEK16_STEP,seek_u16_u8_step,stable,unsigned,move toward target,"u16 x,u8 y per slot",118.277360,102,150,514923,2026-09-25 seek profile benchmark (408 moves x speeds; every frame verified),282,0,,0,49047,16777216,,X-indexed per-slot state; carries pre-biased into stored deltas; exact arrival,
v4_reu_16m,MATH_SEEK16_STEP_INT,seek_u16_u8_step_int,stable,unsigned,move toward target,"u16 x,u8 y per slot",103.654782,85,132,107309,2026-09-25 seek profile benchmark (408 moves x speeds; every frame verified),152,0,,0,49047,16777216,,X-indexed per-slot state; carries pre-biased into stored deltas; exact arrival,
v4_reu_16m,MATH_SEEK16_STEP1,seek_u16_u8_step1,stable,unsigned,move toward target,"u16 x,u8 y per slot",98.183384,77,121,51324,2026-09-25 seek profile benchmark (408 moves x speeds; every frame verified),143,0,,0,49047,16777216,,NMOS DCP distance countdown; X-indexed per-slot state; exact arrival,
v5_hybrid_lowzp,MATH_UMUL8,mul_u8_u8_u16,stable,unsigned,multiply,8,90.494644,88,93,65536,V5 documented v1_balanced path; canonical harness,55,5,$10-$14,0,49047,0,31,profile-selected existing UMUL8 path; refreshed ZP record candidate rejected by profile resource contract,exhaustive 8-bit
v5_hybrid_lowzp,MATH_UMUL16,mul_u16_u16_u32,stable,unsigned,multiply,16,273.837200,262,297,5000,V5 documented v1_balanced path; 2026-09-14 record-upgrade deterministic comparison corpus,208,17,$09-$19,0,49047,0,31,17-ZP qualified record-derived fused quarter-square resident kernel (retained after refresh sweep),
v5_hybrid_lowzp,MATH_UMUL24,mul_u24_u24_u48,stable,unsigned,multiply,24,489.988792,462,542,2409,2026-09-20 multiply-refresh deterministic cross-profile corpus,369,24,$09-$20,0,49047,0,31,FAST24 private 24-ZP carry producer with stable public adapter,
v5_hybrid_lowzp,MATH_UMUL32,mul_u32_u32_u64,stable,unsigned,multiply,32,712.235367,652,831,2409,2026-09-20 multiply-refresh deterministic cross-profile corpus,336,31,$02-$20,0,49047,0,31,FAST31/V29-derived private q0 unsigned producer; mixed-call-safe public binder,
v5_hybrid_lowzp,MATH_UMUL32_READY,mul_u32_u32_u64_ready,stable,unsigned,multiply-ready,32,697.175781,642,784,1024,2026-09-20 multiply-refresh deterministic cross-profile corpus,320,31,$02-$20,0,49047,0,31,FAST31/V29-derived private q0 unsigned producer; mixed-call-safe public binder,
v5_hybrid_lowzp,MATH_SMUL8,mul_s8_s8_s16,stable,signed,multiply,8,67.992188,66,70,65536,2026-09-20 multiply-refresh deterministic cross-profile corpus,46,0,,0,49047,0,31,direct signed-domain quarter-square kernel with private signed-sum planes,
v5_hybrid_lowzp,MATH_SMUL16,mul_s16_s16_s32,stable,signed,multiply,16,292.974871,260,325,4457,current native-signed multiply validation,273,17,$09-$19,0,49047,0,31,FAST17 native signed composition with private 17-ZP magnitude core,
v5_hybrid_lowzp,MATH_SMUL24,mul_s24_s24_s48,stable,signed,multiply,24,530.874222,474,588,2409,current native-signed multiply validation,505,24,$09-$20,0,49047,0,31,FAST24 four-quadrant native signed composition; immutable quarter-square tables shared,
v5_hybrid_lowzp,MATH_SMUL32,mul_s32_s32_s64,stable,signed,multiply,32,743.913242,660,873,2409,current native-signed multiply validation,1406,31,$02-$20,0,49047,0,31,FAST31/V29 native signed quadrant composition; mixed-call-safe public path,
v5_hybrid_lowzp,MATH_SMUL32_READY,mul_s32_s32_s64_ready,stable,signed,multiply-ready,32,726.739258,640,807,1024,current native-signed multiply validation,1387,31,$02-$20,0,49047,0,31,FAST31/V29 native signed quadrant composition; mixed-call-safe public path,
v5_hybrid_lowzp,MATH_UDIV8,div_u8_u8_u8_8,stable,unsigned,divide,8,59.383011,26,634,65536,2026-09-20 unsigned division-family validation,433,1,$10,0,49047,0,31,direct-public 8-bit divider; quotient/remainder produced in stable I/O without marshalling,exhaustive
v5_hybrid_lowzp,MATH_UDIV16,div_u16_u16_u16_16,stable,unsigned,divide,16,126.385862,41,1076,4753,2026-09-20 unsigned division-family validation,1469,0,,0,49047,0,31,fast direct-public 16-bit divider; V5 repacked into hybrid private RAM,structured_random
v5_hybrid_lowzp,MATH_UDIV24,div_u24_u24_u24_24,stable,unsigned,divide,24,187.122028,56,3188,4753,2026-09-20 unsigned division-family validation,1468,3,$10-$12,0,49047,0,31,Repose q0-counter/direct-public UDIV24; V5 repacked hybrid copy,structured_random
v5_hybrid_lowzp,MATH_UDIV32_16,div_u32_u16_u32_16,stable,unsigned,divide,32/16,756.638544,175,1880,4753,2026-09-20 unsigned division-family validation,1890,12,$10-$1B,0,49047,0,31,V2 certified 32/16 divider imported into V5 hybrid private RAM,structured_random
v5_hybrid_lowzp,MATH_UMOD8,mod_u8_u8_u8,stable,unsigned,modulo,8,68.523229,51,495,1313,2026-09-20 unsigned division-family validation,131,2,$10-$11,0,49047,0,31,direct-public 8-bit divider; quotient/remainder produced in stable I/O without marshalling,
v5_hybrid_lowzp,MATH_UMOD16,mod_u16_u16_u16,stable,unsigned,modulo,16,199.918867,41,1076,1553,2026-09-20 unsigned division-family validation,1469,0,,0,49047,0,31,fast direct-public 16-bit divider; V5 repacked into hybrid private RAM,
v5_hybrid_lowzp,MATH_UMOD24,mod_u24_u24_u24,stable,unsigned,modulo,24,299.273020,56,3188,1553,2026-09-20 unsigned division-family validation,1468,3,$10-$12,0,49047,0,31,Repose q0-counter/direct-public UDIV24; V5 repacked hybrid copy,
v5_hybrid_lowzp,MATH_UMOD32_16,mod_u32_u16_u16,stable,unsigned,modulo,32/16,789.508693,178,1883,1553,2026-09-20 unsigned division-family validation,1893,12,$10-$1B,0,49047,0,31,V2 certified 32/16 divider imported into V5 hybrid private RAM,
v5_hybrid_lowzp,MATH_SDIV8,div_s8_s8_s8_8,stable,signed,divide,8,90.272098,26,598,4480,current native-signed division validation,533,1,$10,0,49047,0,31,direct-output native signed 8-bit divider; executable-disjoint from UDIV8,structured_random
v5_hybrid_lowzp,MATH_SDIV16,div_s16_s16_s16_16,stable,signed,divide,16,171.905344,54,1159,4585,current native-signed division validation,1771,4,$10-$13,0,49047,0,31,fast direct-output native signed 16-bit divider; V5 repacked under 31-ZP contract,structured_random
v5_hybrid_lowzp,MATH_SDIV24,div_s24_s24_s24_24,stable,signed,divide,24,253.487023,57,3339,4585,current native-signed division validation,1570,9,$10-$18,0,49047,0,31,fast direct-output native signed 24-bit divider repacked under V5 31-ZP contract,structured_random
v5_hybrid_lowzp,MATH_SDIV32_16,div_s32_s16_s32_16,stable,signed,divide,32/16,958.522137,171,2063,4585,current native-signed division validation,542,12,$14-$1F,0,49047,0,31,refreshed low-ZP native signed 32/16 divider retained in V5,structured_random
v5_hybrid_lowzp,MATH_SMOD8,mod_s8_s8_s8,stable,signed,modulo/remainder,8,96.707813,26,598,1280,current native-signed division validation,533,1,$10,0,49047,0,31,direct-output native signed 8-bit divider; executable-disjoint from UDIV8,
v5_hybrid_lowzp,MATH_SMOD16,mod_s16_s16_s16,stable,signed,modulo/remainder,16,232.809386,54,1159,1385,current native-signed division validation,1771,4,$10-$13,0,49047,0,31,fast direct-output native signed 16-bit divider; V5 repacked under 31-ZP contract,
v5_hybrid_lowzp,MATH_SMOD24,mod_s24_s24_s24,stable,signed,modulo/remainder,24,339.607942,57,3339,1385,current native-signed division validation,1570,9,$10-$18,0,49047,0,31,fast direct-output native signed 24-bit divider repacked under V5 31-ZP contract,
v5_hybrid_lowzp,MATH_SMOD32_16,mod_s32_s16_s16,stable,signed,modulo/remainder,32/16,1061.475812,174,2066,1385,current native-signed division validation,545,12,$14-$1F,0,49047,0,31,refreshed low-ZP native signed 32/16 divider retained in V5,
v5_hybrid_lowzp,MATH_UDIV32_32,div_u32_u32_u32_32,stable,unsigned,divide,32/32,421.077342,90,2423,6801,2026-09-20 unsigned division-family validation,946,0,,0,49047,0,31,native tiered 32/32 divider with early q=0 gate,structured_random
v5_hybrid_lowzp,MATH_UMOD32_32,mod_u32_u32_u32,stable,unsigned,modulo,32/32,548.000000,90,2423,1553,2026-09-20 unsigned division-family validation,946,0,,0,49047,0,31,native tiered 32/32 divider with early q=0 gate,
v5_hybrid_lowzp,MATH_SDIV32_32,div_s32_s32_s32_32,stable,signed,divide,32/32,591.562641,75,2474,6633,current native-signed division validation,987,0,,0,49047,0,31,native signed 32/32 magnitude path with redundant zero-test removed,structured_random
v5_hybrid_lowzp,MATH_SMOD32_32,mod_s32_s32_s32,stable,signed,modulo/remainder,32/32,785.582671,75,2474,1385,current native-signed division validation,987,0,,0,49047,0,31,native signed 32/32 magnitude path with redundant zero-test removed,
v5_hybrid_lowzp,MATH_UMUL16_SHR8,mul_u16_u16_u24_shr8,stable,unsigned,fixed multiply shift,16x16 >> 8,314.965600,303,338,5000,2026-09-14 post-upgrade deterministic comparison corpus,234,17,$09-$19,0,49047,0,31,profile-selected resident implementation,
v5_hybrid_lowzp,MATH_SMUL16_SHR8,mul_s16_s16_s24_shr8,stable,signed,fixed multiply shift,16x16 >> 8,333.867232,301,366,4361,2026-09-20 multiply-refresh deterministic cross-profile corpus,299,17,$09-$19,0,49047,0,31,FAST17 SMUL16 plus SHR8 extraction,
v5_hybrid_lowzp,MATH_UMUL32_SHR16,mul_u32_u32_u48_shr16,stable,unsigned,fixed multiply shift,32x32 >> 16,779.876404,717,896,4361,2026-09-20 multiply-refresh deterministic cross-profile corpus,380,31,$02-$20,0,49047,0,31,FAST31/V29-derived UMUL32 producer plus existing SHR16 extraction,
v5_hybrid_lowzp,MATH_SMUL32_SHR16,mul_s32_s32_s48_shr16,stable,signed,fixed multiply shift,32x32 >> 16,812.998853,725,938,4361,2026-09-20 multiply-refresh deterministic cross-profile corpus,1450,31,$02-$20,0,49047,0,31,FAST31/V29 SMUL32 producer plus existing SHR16 extraction,
v5_hybrid_lowzp,MATH_UDIV16_SHL8,div_u16_u16_u24_16_shl8,stable,unsigned,fixed divide shift,(16 << 8)/16,774.734904,282,1859,4753,2026-09-20 unsigned division-family validation,1967,12,$10-$1B,0,49047,0,31,fixed-point adapter into selected unsigned 32/16 divider,structured_random
v5_hybrid_lowzp,MATH_SDIV16_SHL8,div_s16_s16_s24_16_shl8,stable,signed,fixed divide shift,(16 << 8)/16,953.277863,281,2007,4585,current native-signed division validation,625,12,$14-$1F,0,49047,0,31,fixed-point adapter into selected native signed 32/16 divider,structured_random
v5_hybrid_lowzp,MATH_URECIP16_Q16,recip_u16_u24_q16,stable,unsigned,reciprocal,Q16 from d16,119.307602,41,2150,65536,2026-09-20 unsigned division-family validation,1899,3,$10-$12,0,49047,0,31,exact reciprocal ladder with selected profile division fallback,exhaustive
v5_hybrid_lowzp,MATH_SIN8,sin_u8_s8,stable,signed,trig sine,phase8 -> s8,23.000000,23,23,256,V5 documented v1_balanced path; current exhaustive/profile game-math benchmark,14,0,,0,49047,0,31,profile-selected resident implementation,
v5_hybrid_lowzp,MATH_COS8,cos_u8_s8,stable,signed,trig cosine,phase8 -> s8,23.000000,23,23,256,V5 documented v2_pareto_fast path; current exhaustive/profile game-math benchmark,14,0,,0,49047,0,31,V2 certified kernel imported into V5 hybrid private RAM,
v5_hybrid_lowzp,MATH_SINCOS8,sincos_u8_s8_s8,stable,signed,trig sincos,phase8 -> 2xs8,31.000000,31,31,256,V5 documented v2_pareto_fast path; current exhaustive/profile game-math benchmark,20,0,,0,49047,0,31,V2 certified kernel imported into V5 hybrid private RAM,
v5_hybrid_lowzp,MATH_ATAN2_8,atan2_s8_s8_u8,stable,signed,angle,"atan2(s8,s8) -> phase8",44.962814,29,47,65536,V5 documented v2_pareto_fast path; current exhaustive/profile game-math benchmark,88,0,,0,49047,0,31,V2 sum_fast kernel imported into V5 with four private table pages,
v5_hybrid_lowzp,MATH_ISQRT16,isqrt_u16_u16,stable,unsigned,integer square root,16 -> 16,219.740570,205,258,65536,V5 documented v1_balanced path; current exhaustive/profile game-math benchmark,277,0,,0,49047,0,31,profile-selected resident implementation,
v5_hybrid_lowzp,MATH_ISQRT32,isqrt_u32_u16,stable,unsigned,integer square root,32 -> 16,1378.900969,1193,1656,4130,V5 documented v1_balanced path; current exhaustive/profile game-math benchmark,496,0,,0,49047,0,31,profile-selected resident implementation,
v5_hybrid_lowzp,MATH_DIST8_FAST,dist_s8_s8_u8_fast,stable,signed,distance approximation,"s8,s8 -> u8",86.085602,68,104,65536,V5 documented v1_balanced path; current exhaustive/profile game-math benchmark,67,0,,0,49047,0,31,profile-selected resident implementation,
v5_hybrid_lowzp,MATH_DIST8_ACCURATE,dist_s8_s8_u8_accurate,stable,signed,distance approximation,"s8,s8 -> u8",92.085602,74,110,65536,V5 documented v1_balanced path; current exhaustive/profile game-math benchmark,72,0,,0,49047,0,31,profile-selected resident implementation,
v5_hybrid_lowzp,MATH_VEC2_NORMALIZE_Q8_8,normalize_s16_s16_s16_s16_q8_8_to_q1_15,stable,signed,vector normalize,2xs16 Q8.8 -> 2xs16 Q1.15,160.150080,84,302,107396,2026-09-21 normalize profile-parity deterministic corpus,881,4,$1A-$1D,0,49047,0,31,quadrant-specific paths; certified logarithmic ratio tables,Q8.8 -> Q1.15; certified <=0.3621 deg / <=202 LSB; quadrant-specific paths
v5_hybrid_lowzp,MATH_SEEK8_INIT,seek_u8_u8_init,stable,unsigned,move toward target,"u8 x,u8 y target; Q8.8 speed",601.746936,147,995,4896,2026-09-25 seek profile benchmark (408 moves x speeds; every frame verified),454,0,,0,49047,0,31,exact bulk-Bresenham DDA setup; no multiply/divide; init scratch in V1_SCRATCH RAM,"major-axis speed 368.27, Euclidean 835.23, integer 339.48, 1 px/frame 304.17"
v5_hybrid_lowzp,MATH_SEEK8_STEP,seek_u8_u8_step,stable,unsigned,move toward target,"u8 x,u8 y per slot",87.136511,77,91,453020,2026-09-25 seek profile benchmark (408 moves x speeds; every frame verified),176,0,,0,49047,0,31,X-indexed per-slot state; carries pre-biased into stored deltas; exact arrival,
v5_hybrid_lowzp,MATH_SEEK8_STEP_INT,seek_u8_u8_step_int,stable,unsigned,move toward target,"u8 x,u8 y per slot",70.992770,61,74,94048,2026-09-25 seek profile benchmark (408 moves x speeds; every frame verified),96,0,,0,49047,0,31,X-indexed per-slot state; carries pre-biased into stored deltas; exact arrival,
v5_hybrid_lowzp,MATH_SEEK8_STEP1,seek_u8_u8_step1,stable,unsigned,move toward target,"u8 x,u8 y per slot",65.953959,54,69,44960,2026-09-25 seek profile benchmark (408 moves x speeds; every frame verified),91,0,,0,49047,0,31,NMOS DCP distance countdown; X-indexed per-slot state; exact arrival,
v5_hybrid_lowzp,MATH_SEEK16_INIT,seek_u16_u8_init,stable,unsigned,move toward target,"u16 x,u8 y target; Q8.8 speed",783.201389,202,1305,4896,2026-09-25 seek profile benchmark (408 moves x speeds; every frame verified),594,0,,0,49047,0,31,exact bulk-Bresenham DDA setup; no multiply/divide; init scratch in V1_SCRATCH RAM,"major-axis speed 529.94, Euclidean 1036.46, integer 506.77, 1 px/frame 420.12"
v5_hybrid_lowzp,MATH_SEEK16_STEP,seek_u16_u8_step,stable,unsigned,move toward target,"u16 x,u8 y per slot",118.277360,102,150,514923,2026-09-25 seek profile benchmark (408 moves x speeds; every frame verified),282,0,,0,49047,0,31,X-indexed per-slot state; carries pre-biased into stored deltas; exact arrival,
v5_hybrid_lowzp,MATH_SEEK16_STEP_INT,seek_u16_u8_step_int,stable,unsigned,move toward target,"u16 x,u8 y per slot",103.654782,85,132,107309,2026-09-25 seek profile benchmark (408 moves x speeds; every frame verified),152,0,,0,49047,0,31,X-indexed per-slot state; carries pre-biased into stored deltas; exact arrival,
v5_hybrid_lowzp,MATH_SEEK16_STEP1,seek_u16_u8_step1,stable,unsigned,move toward target,"u16 x,u8 y per slot",98.183384,77,121,51324,2026-09-25 seek profile benchmark (408 moves x speeds; every frame verified),143,0,,0,49047,0,31,NMOS DCP distance countdown; X-indexed per-slot state; exact arrival,
v3_reu_512k,MATH_REU_UMUL16_BEGIN,mul_u16_u16_u32_turbo_begin,reu_turbo,unsigned,turbo multiply 16,16,282.000000,282,282,1,Turbo relocation canonical reference corpus,41,113,$3E-$AE,0,49047,524288,,113-ZP Turbo16 overlay,"exclusive overlay mode; ZP ownership is mode allocation, not static wrapper touch set"
v3_reu_512k,MATH_REU_UMUL16,mul_u16_u16_u32_turbo,reu_turbo,unsigned,turbo multiply 16,16,215.544111,203,240,2098,Turbo relocation canonical reference corpus,41,113,$3E-$AE,0,49047,524288,,113-ZP Turbo16 overlay,"exclusive overlay mode; ZP ownership is mode allocation, not static wrapper touch set"
v3_reu_512k,MATH_REU_UMUL16_END,mul_u16_u16_u32_turbo_end,reu_turbo,unsigned,turbo multiply 16,16,327.000000,327,327,1,Turbo relocation canonical reference corpus,73,113,$3E-$AE,0,49047,524288,,113-ZP Turbo16 overlay,"exclusive overlay mode; ZP ownership is mode allocation, not static wrapper touch set"
v3_reu_512k,MATH_REU_UMUL32_BEGIN,mul_u32_u32_u64_turbo_begin,reu_turbo,unsigned,turbo multiply 32,32,326.000000,326,326,1,Turbo relocation canonical reference corpus,41,135,$0A-$90,0,49047,524288,,135-ZP stack-free ram135 Turbo32 record compromise,"exclusive overlay mode; ZP ownership is mode allocation, not static wrapper touch set"
v3_reu_512k,MATH_REU_UMUL32,mul_u32_u32_u64_turbo,reu_turbo,unsigned,turbo multiply 32,32,728.947080,666,840,2193,Turbo relocation canonical reference corpus,125,135,$0A-$90,0,49047,524288,,135-ZP stack-free ram135 Turbo32 record compromise,"exclusive overlay mode; ZP ownership is mode allocation, not static wrapper touch set"
v3_reu_512k,MATH_REU_UMUL32_END,mul_u32_u32_u64_turbo_end,reu_turbo,unsigned,turbo multiply 32,32,371.000000,371,371,1,Turbo relocation canonical reference corpus,73,135,$0A-$90,0,49047,524288,,135-ZP stack-free ram135 Turbo32 record compromise,"exclusive overlay mode; ZP ownership is mode allocation, not static wrapper touch set"
v4_reu_16m,MATH_REU_UMUL16_BEGIN,mul_u16_u16_u32_turbo_begin,reu_turbo,unsigned,turbo multiply 16,16,282.000000,282,282,1,Turbo relocation canonical reference corpus,41,113,$3E-$AE,0,49047,16777216,,113-ZP Turbo16 overlay,"exclusive overlay mode; ZP ownership is mode allocation, not static wrapper touch set"
v4_reu_16m,MATH_REU_UMUL16,mul_u16_u16_u32_turbo,reu_turbo,unsigned,turbo multiply 16,16,215.544111,203,240,2098,Turbo relocation canonical reference corpus,41,113,$3E-$AE,0,49047,16777216,,113-ZP Turbo16 overlay,"exclusive overlay mode; ZP ownership is mode allocation, not static wrapper touch set"
v4_reu_16m,MATH_REU_UMUL16_END,mul_u16_u16_u32_turbo_end,reu_turbo,unsigned,turbo multiply 16,16,327.000000,327,327,1,Turbo relocation canonical reference corpus,73,113,$3E-$AE,0,49047,16777216,,113-ZP Turbo16 overlay,"exclusive overlay mode; ZP ownership is mode allocation, not static wrapper touch set"
v4_reu_16m,MATH_REU_UMUL32_BEGIN,mul_u32_u32_u64_turbo_begin,reu_turbo,unsigned,turbo multiply 32,32,326.000000,326,326,1,Turbo relocation canonical reference corpus,41,135,$0A-$90,0,49047,16777216,,135-ZP stack-free ram135 Turbo32 record compromise,"exclusive overlay mode; ZP ownership is mode allocation, not static wrapper touch set"
v4_reu_16m,MATH_REU_UMUL32,mul_u32_u32_u64_turbo,reu_turbo,unsigned,turbo multiply 32,32,728.947080,666,840,2193,Turbo relocation canonical reference corpus,125,135,$0A-$90,0,49047,16777216,,135-ZP stack-free ram135 Turbo32 record compromise,"exclusive overlay mode; ZP ownership is mode allocation, not static wrapper touch set"
v4_reu_16m,MATH_REU_UMUL32_END,mul_u32_u32_u64_turbo_end,reu_turbo,unsigned,turbo multiply 32,32,371.000000,371,371,1,Turbo relocation canonical reference corpus,73,135,$0A-$90,0,49047,16777216,,135-ZP stack-free ram135 Turbo32 record compromise,"exclusive overlay mode; ZP ownership is mode allocation, not static wrapper touch set"
v4_reu_16m,MATH_REU_QS16_BEGIN,mul_u16_u16_u32_qs16_begin,reu_qs16,unsigned,V4 QS16 multiply mode,16,18.000000,18,18,1,V4 QS16 source/exact timing classes,11,16,$10-$1F,0,49047,16777216,,V4 16MiB QS16 mode,exclusive QS16 mode ZP ownership
v4_reu_16m,MATH_REU_QS16,mul_u16_u16_u32_qs16,reu_qs16,unsigned,V4 QS16 multiply mode,16,281.541031,279,293,65536,V4 QS16 source/exact timing classes,209,16,$10-$1F,0,49047,16777216,,V4 16MiB QS16 mode,exclusive QS16 mode ZP ownership
v4_reu_16m,MATH_REU_QS16_END,mul_u16_u16_u32_qs16_end,reu_qs16,unsigned,V4 QS16 multiply mode,16,18.000000,18,18,1,V4 QS16 source/exact timing classes,11,16,$10-$1F,0,49047,16777216,,V4 16MiB QS16 mode,exclusive QS16 mode ZP ownership
