canonical_name,routine,profile,mean_cycles,min_cycles,max_cycles,zp_bytes,stack_page_reserved_bytes,cycle_basis,source_path,source_sha256
atan2_s8_s8_u8,MATH_ATAN2_8,v2_pareto_fast,43.970627,31,45,0,0,2026-10-06 exhaustive ATAN2 dispatch validation,v2_pareto_fast/standalone/atan2_s8_s8_u8.asm,16093b67a446257404e9737203344a30b7582fa807e7d53ca0cb8e0c51621b50
cos_u8_s8,MATH_COS8,v2_pareto_fast,23.000000,23,23,0,0,current exhaustive/profile game-math benchmark,v2_pareto_fast/standalone/cos_u8_s8.asm,ddcd511be3a625a0e1a7da4f2a7c1d6327bf9094644605b46904ec1e99fe52fe
dist_s8_s8_u8_accurate,MATH_DIST8_ACCURATE,v3_reu_512k,85.070038,69,101,2,0,current exhaustive/profile game-math benchmark,v3_reu_512k/standalone/dist_s8_s8_u8_accurate.asm,05eec02be8cfe537b641277a7710760be6d6c686d827f97f0f1dddaac4c7b410
dist_s8_s8_u8_fast,MATH_DIST8_FAST,v3_reu_512k,79.070038,63,95,2,0,current exhaustive/profile game-math benchmark,v3_reu_512k/standalone/dist_s8_s8_u8_fast.asm,1804597aee5f5a5426e77b2d998a2bee1a164b2bdc116fc4463d7d461d77d975
div_s16_s16_s16_16,MATH_SDIV16,v2_pareto_fast,168.393021,54,1159,4,0,current native-signed division validation,v2_pareto_fast/standalone/div_s16_s16_s16_16.asm,371fae7db197a70a96eb1832751497712866030ff46a21111472630d00a7cf57
div_s16_s16_s24_16_shl8,MATH_SDIV16_SHL8,v4_reu_16m,628.417884,107,971,10,0,current native-signed division validation,v4_reu_16m/standalone/div_s16_s16_s24_16_shl8.asm,b811eff5cb229be6c14220a5e0d7feb5656dd8420495ef168003b1391fc2f4c8
div_s24_s24_s24_24,MATH_SDIV24,v3_reu_512k,236.810251,68,3314,9,0,current native-signed division validation,v3_reu_512k/standalone/div_s24_s24_s24_24.asm,c34456837b5f9bd24265d7b3108d71ddb1d7a9575402ef49a58a82fb831ca11c
div_s32_s16_s32_16,MATH_SDIV32_16,v4_reu_16m,721.003490,110,1633,10,0,current native-signed division validation,v4_reu_16m/standalone/div_s32_s16_s32_16.asm,ea510b0dabdc9915fdf65917bf2854c9db49ef17a26d8b96b72fddb085d84fc7
div_s32_s32_s32_32,MATH_SDIV32_32,v3_reu_512k,416.865672,141,1849,14,0,current native-signed division validation,v3_reu_512k/standalone/div_s32_s32_s32_32.asm,522a9bff95a6517538b8fed5622614b15e6122ea4c1ca01c7ded2eeed0c2247b
div_s8_s8_s8_8,MATH_SDIV8,v1_balanced,88.372650,26,600,1,0,current native-signed division validation,v1_balanced/standalone/div_s8_s8_s8_8.asm,54e90c96c87ae3fb222337c82fb80bb5e9980ca7b7cf7ed81259a4c929de67f4
div_u16_u16_u16_16,MATH_UDIV16,v3_reu_512k,125.423943,41,1076,0,0,2026-09-20 unsigned division-family validation,v3_reu_512k/standalone/div_u16_u16_u16_16.asm,b183ae5db0cb52352f44508b26926c6dbde3becf941b4dbc011c5d2872977365
div_u16_u16_u24_16_shl8,MATH_UDIV16_SHL8,v4_reu_16m,552.577740,122,918,10,0,2026-09-20 unsigned division-family validation,v4_reu_16m/standalone/div_u16_u16_u24_16_shl8.asm,6cf12a54aea6c084075de92da4c0f1ebc190a2b3be199b2e786a0bab39df75e9
div_u24_u24_u24_24,MATH_UDIV24,v2_pareto_fast,154.338944,56,1414,10,0,2026-09-20 unsigned division-family validation,v2_pareto_fast/standalone/div_u24_u24_u24_24.asm,59d854a7a5edd5586fb59643134374a22559c31ccfbb444a44cb3725063f586c
div_u32_u16_u32_16,MATH_UDIV32_16,v2_pareto_fast,631.739323,125,1738,10,0,2026-09-20 unsigned division-family validation,v2_pareto_fast/standalone/div_u32_u16_u32_16.asm,ecd940423d5f13ecfdbb7ad4a2285339afeaf715619d96e3aa2cd5455f032aab
div_u32_u32_u32_32,MATH_UDIV32_32,v3_reu_512k,203.864138,72,1792,14,0,2026-09-20 unsigned division-family validation,v3_reu_512k/standalone/div_u32_u32_u32_32.asm,15b1652da0f26fb16fc6fce7df37e20c18fb712bf2fedd8c0c9567c61cdcddde
div_u8_u8_u8_8,MATH_UDIV8,v3_reu_512k,52.852264,28,115,0,0,2026-10-06 exhaustive REU UDIV8 hybrid validation,v3_reu_512k/standalone/div_u8_u8_u8_8.asm,9ac72119bf11c1c6c54ab06ed1d51abbaa423fcbbaa7ba0669b40e98728fa953
isqrt_u16_u16,MATH_ISQRT16,v4_reu_16m,54.000000,54,54,0,0,current exhaustive/profile game-math benchmark,v4_reu_16m/standalone/isqrt_u16_u16.asm,fe12801533aacea9bb4789ee4166feea2c1b7aaaf79f0a09d0dffdde0675008a
isqrt_u32_u16,MATH_ISQRT32,v4_reu_16m,917.317433,806,1067,8,0,"current deterministic 4,130-case ISQRT32 benchmark",v4_reu_16m/standalone/isqrt_u32_u16.asm,bdd70a78382e04d58fd824783949e3464045c63570f8c1710c49df5f7b05bd1d
mod_s16_s16_s16,MATH_SMOD16,v4_reu_16m,228.244765,54,1159,4,0,current native-signed division validation,v4_reu_16m/standalone/mod_s16_s16_s16__math_smod16.asm,c2ff718906f32b98b09a6ab75fdf71ffcc23cea1a4538e2fd048a62ff29d23f9
mod_s24_s24_s24,MATH_SMOD24,v4_reu_16m,326.184838,68,3314,9,0,current native-signed division validation,v4_reu_16m/standalone/mod_s24_s24_s24__math_smod24.asm,4f4b38c09ba457ff419d2245f2fd369e563ae53e855f0591a4288a4447abaea0
mod_s32_s16_s16,MATH_SMOD32_16,v5_hybrid_lowzp,704.786282,107,1642,10,0,current native-signed division validation,v5_hybrid_lowzp/standalone/mod_s32_s16_s16__math_smod32_16.asm,eac64222201c8685b11bde40fd36255d81d55a5e7cfb6ab36503863488c9c886
mod_s32_s32_s32,MATH_SMOD32_32,v3_reu_512k,443.528520,141,1450,14,0,current native-signed division validation,v3_reu_512k/standalone/mod_s32_s32_s32__math_smod32_32.asm,6c8c98f88b2db6f9759c116b43c3d4d08bcb3c18137e32bba441c08fc39061e4
mod_s8_s8_s8,MATH_SMOD8,v5_hybrid_lowzp,96.707813,26,598,1,0,current native-signed division validation,v5_hybrid_lowzp/standalone/mod_s8_s8_s8__math_smod8.asm,20aeedeeb2ebfac19c0935256cfc92e7a6e5b8de135aa18d29f28838b5d5670d
mod_u16_u16_u16,MATH_UMOD16,v1_balanced,184.082421,41,1535,2,0,2026-09-20 unsigned division-family validation,v1_balanced/standalone/mod_u16_u16_u16__math_umod16.asm,851117117460602b0531f500e00c83cf72b333745754090d605fda5cab18eb88
mod_u24_u24_u24,MATH_UMOD24,v4_reu_16m,205.247263,42,1419,10,0,2026-09-20 unsigned division-family validation,v4_reu_16m/standalone/mod_u24_u24_u24__math_umod24.asm,e3c941f0ecd28a03a518d4bb06eb9ff6a65e8e13b6b94d756f650ee96dee99ef
mod_u32_u16_u16,MATH_UMOD32_16,v3_reu_512k,625.840953,128,1741,10,0,2026-09-20 unsigned division-family validation,v3_reu_512k/standalone/mod_u32_u16_u16__math_umod32_16.asm,2c01458884ab7eef3d8682b921cf75afcdd618c46d5c812bb56e56e85328f6e4
mod_u32_u32_u32,MATH_UMOD32_32,v4_reu_16m,285.637476,72,1829,14,0,2026-09-20 unsigned division-family validation,v4_reu_16m/standalone/mod_u32_u32_u32__math_umod32_32.asm,eceb084fe05b3859a4a8ea79a3e5a5e0076ab541249ee148a098254132e51cd2
mod_u8_u8_u8,MATH_UMOD8,v3_reu_512k,49.712110,32,50,0,0,2026-09-20 unsigned division-family validation,v3_reu_512k/standalone/mod_u8_u8_u8.asm,5fde128f637132de5ffa90d53de99d9beae2003a56fbd71716179cb67ae91c0f
mul_s16_s16_s24_shr8,MATH_SMUL16_SHR8,v2_pareto_fast,276.888787,254,317,111,0,2026-09-20 multiply-refresh deterministic cross-profile corpus,v2_pareto_fast/standalone/mul_s16_s16_s24_shr8.asm,a45c90df9806a98e9de73526db16dab6f34b16c86f1ea2db3b0add4628b1deae
mul_s16_s16_s32,MATH_SMUL16,v2_pareto_fast,245.802333,223,286,111,0,current native-signed multiply validation,v2_pareto_fast/standalone/mul_s16_s16_s32.asm,7d25143191d26fa2f4fbe27bac20ca4276423a0094dfdce760907973c65d64cf
mul_s24_s24_s48,MATH_SMUL24,v2_pareto_fast,467.342357,407,524,24,0,2026-10-07 SMUL24 carry-prime/direct-output validation,v2_pareto_fast/standalone/mul_s24_s24_s48.asm,b767d543cb7809db31dbf070634ff0bfd84b8e79f325559f49b4c65516c08be2
mul_s32_s32_s48_shr16,MATH_SMUL32_SHR16,v2_pareto_fast,780.302454,695,903,31,0,2026-09-20 multiply-refresh deterministic cross-profile corpus,v2_pareto_fast/standalone/mul_s32_s32_s48_shr16.asm,3e0c8b22ed0ae0078a936ae6be626f6d2d5fdcdef5b72e1a705afe1476b2ca22
mul_s32_s32_s64,MATH_SMUL32,v2_pareto_fast,711.153591,630,838,31,0,current native-signed multiply validation,v2_pareto_fast/standalone/mul_s32_s32_s64.asm,cccc385fc99c93441283dad0d1a2fd140353e427b4551130e4ef1f1dd91c9a5e
mul_s32_s32_s64_ready,MATH_SMUL32_READY,v4_reu_16m,721.444336,641,816,31,0,current native-signed multiply validation,v4_reu_16m/standalone/mul_s32_s32_s64_ready.asm,4ff313473fec68e98d958687f30ac0179ccce7ffc0406f08906180c704af97e2
mul_s8_s8_s16,MATH_SMUL8,v1_balanced,67.992188,66,70,0,0,2026-09-20 multiply-refresh deterministic cross-profile corpus,v1_balanced/standalone/mul_s8_s8_s16.asm,8836804a285e851dfb22ab4206bb27f1916be91e1afd3a75f6e7f60145a64765
mul_u16_u16_u24_shr8,MATH_UMUL16_SHR8,v2_pareto_fast,243.804139,232,267,16,0,2026-10-06 MUL16 SHR8 register-return validation,v2_pareto_fast/standalone/mul_u16_u16_u24_shr8.asm,0e0bde4e91cec2aa32efd1cc1460d764b4626bc2f149b97baeca1ff74694e353
mul_u16_u16_u32,MATH_UMUL16,v2_pareto_fast,216.980037,205,240,16,0,2026-10-06 UMUL16 direct-output validation,v2_pareto_fast/standalone/mul_u16_u16_u32.asm,4d017d797bfa4ed437b7b71c942d0d908fab7f3dbfe26a0a9c2c959a52ae2c79
mul_u16_u16_u32_qs16,MATH_REU_QS16,v4_reu_16m,281.541031,279,293,16,0,V4 QS16 source/exact timing classes,v4_reu_16m/standalone/mul_u16_u16_u32_qs16.asm,884b94003e2d48ca63e9c678db9d8d6adafdfbe82f5b08b699a9150aa936708c
mul_u16_u16_u32_qs16_begin,MATH_REU_QS16_BEGIN,v4_reu_16m,18.000000,18,18,16,0,V4 QS16 source/exact timing classes,v4_reu_16m/standalone/mul_u16_u16_u32_qs16_begin.asm,4cb05b94252ee68a2dd0c07d0d045e70510597983e7a8ea0259e90ce4d11041c
mul_u16_u16_u32_qs16_end,MATH_REU_QS16_END,v4_reu_16m,18.000000,18,18,16,0,V4 QS16 source/exact timing classes,v4_reu_16m/standalone/mul_u16_u16_u32_qs16_end.asm,8ea4680c142cf1e432a1cb86e4f91464a3dd75441c32e76a502c17723203570e
mul_u16_u16_u32_turbo,MATH_REU_UMUL16,v3_reu_512k,197.046257,185,220,122,0,Turbo relocation canonical reference corpus,v3_reu_512k/standalone/mul_u16_u16_u32_turbo.asm,bb8b9eadb2d952920cd58166cfe0d9c082553dd43f79cc215b01f7fee57fd080
mul_u16_u16_u32_turbo_begin,MATH_REU_UMUL16_BEGIN,v3_reu_512k,300.000000,300,300,122,0,Turbo relocation canonical reference corpus,v3_reu_512k/standalone/mul_u16_u16_u32_turbo_begin.asm,bf0178304b1dbd8ee7f0db1b93332befdc02ab873c3bf5fc9253e03e114a4c14
mul_u16_u16_u32_turbo_end,MATH_REU_UMUL16_END,v3_reu_512k,345.000000,345,345,122,0,Turbo relocation canonical reference corpus,v3_reu_512k/standalone/mul_u16_u16_u32_turbo_end.asm,3d95cb4e70807494fdd0892667bc3b6dfacc55b331b0b9828e5ac89d74a6b771
mul_u24_u24_u48,MATH_UMUL24,v2_pareto_fast,421.555502,392,477,24,0,2026-10-06 UMUL24 direct-output validation,v2_pareto_fast/standalone/mul_u24_u24_u48.asm,57f7392f8884948f436bae991cc8691af4901b7094133d4a364a044a09850857
mul_u32_u32_u48_shr16,MATH_UMUL32_SHR16,v2_pareto_fast,757.876404,695,874,31,0,2026-09-20 multiply-refresh deterministic cross-profile corpus,v2_pareto_fast/standalone/mul_u32_u32_u48_shr16.asm,8216e1794ffcbbdfbc4fd8fbc0ae36e8f1bd806251b8bf19f18209a24f036f51
mul_u32_u32_u64,MATH_UMUL32,v2_pareto_fast,690.235367,630,809,31,0,2026-09-20 multiply-refresh deterministic cross-profile corpus,v2_pareto_fast/standalone/mul_u32_u32_u64.asm,2c62983fc9a9fbc34b6ce3fab3e3e8100a715daaf5ce9d1bbc87bbe30d37f744
mul_u32_u32_u64_ready,MATH_UMUL32_READY,v1_balanced,697.175781,642,784,31,0,2026-09-20 multiply-refresh deterministic cross-profile corpus,v1_balanced/standalone/mul_u32_u32_u64_ready.asm,a0eb15bd4592ce1e77850124c3c6bbc89c1c59f9009d74e239055b414edb7981
mul_u32_u32_u64_turbo,MATH_REU_UMUL32,v3_reu_512k,676.185219,613,788,135,0,Turbo relocation canonical reference corpus,v3_reu_512k/standalone/mul_u32_u32_u64_turbo.asm,ee1da1fac66015ae54b7ad4fe71e052c4e75d21cea75793dea50a2ed06abb323
mul_u32_u32_u64_turbo_begin,MATH_REU_UMUL32_BEGIN,v3_reu_512k,326.000000,326,326,135,0,Turbo relocation canonical reference corpus,v3_reu_512k/standalone/mul_u32_u32_u64_turbo_begin.asm,9555df51b304f1b161d4308808406d661089eca1c2a5f299bd00f35641119807
mul_u32_u32_u64_turbo_end,MATH_REU_UMUL32_END,v3_reu_512k,371.000000,371,371,135,0,Turbo relocation canonical reference corpus,v3_reu_512k/standalone/mul_u32_u32_u64_turbo_end.asm,53b09fdf87c89238ef82bceca020bef16fa5d95988498093db75b807a7e60683
mul_u8_u8_u16,MATH_UMUL8,v3_reu_512k,69.000000,,,0,0,REU transport model,v3_reu_512k/standalone/mul_u8_u8_u16.asm,15433ff68da6c1b88214e21d0e51bc38c5727a337f0823d25da4267fa6035771
muldiv_s16_s16_s16_s32_16,MATH_SMULDIV16,v2_pareto_fast,860.448172,83,1869,26,0,"2026-10-07 MULDIV16 9,001-case all-profile/map validation",v2_pareto_fast/standalone/muldiv_s16_s16_s16_s32_16.asm,4cc1027981349787f216d1db097ef9bda6cd7beed0071b2d25f5df372a281cff
muldiv_u16_u16_u16_u32_16,MATH_UMULDIV16,v2_pareto_fast,801.646373,301,1923,26,0,"2026-10-07 MULDIV16 9,001-case all-profile/map validation",v2_pareto_fast/standalone/muldiv_u16_u16_u16_u32_16.asm,81970c7200180b93f1a6bad6a45ae66c1669fd76aa79e454883557c310a24c30
normalize_s16_s16_s16_s16_q8_8_to_q1_15,MATH_VEC2_NORMALIZE_Q8_8,v3_reu_512k,156.661198,84,298,4,0,2026-09-21 normalize profile-parity deterministic corpus,v3_reu_512k/standalone/normalize_s16_s16_s16_s16_q8_8_to_q1_15.asm,bc049ad4578bfc9e7067471e1923d534023411c5f4d27fd89ed903a29db56e2d
recip_u16_u24_q16,MATH_URECIP16_Q16,v3_reu_512k,57.331436,41,186,0,0,2026-10-10 exhaustive X-cached reciprocal validation,v3_reu_512k/standalone/recip_u16_u24_q16.asm,0d64f563b43ca3eee7b35a401a85010da47d735a7979c6d0e8cc040860772352
seek_u16_u8_init,MATH_SEEK16_INIT,v3_reu_512k,701.543505,187,1150,18,0,2026-09-25 seek profile benchmark (408 moves x speeds; every frame verified),v3_reu_512k/standalone/seek_u16_u8_init.asm,c3ee2d0cff6e2183046242544223928d3e23854455316ca875d1aab8e9a14eb9
seek_u16_u8_step,MATH_SEEK16_STEP,v1_balanced,118.277360,102,150,0,0,2026-09-25 seek profile benchmark (408 moves x speeds; every frame verified),v1_balanced/standalone/seek_u16_u8_step.asm,13ca44a1cae3ef156c85dbf79d16b317c3b05e4671c86e3dab34f09854abe225
seek_u16_u8_step1,MATH_SEEK16_STEP1,v1_balanced,98.183384,77,121,0,0,2026-09-25 seek profile benchmark (408 moves x speeds; every frame verified),v1_balanced/standalone/seek_u16_u8_step1.asm,f9845af13f3b5d3a3cd980db598069cb4d84e9d57474b5d174a6b63bb8a46627
seek_u16_u8_step_int,MATH_SEEK16_STEP_INT,v1_balanced,103.654782,85,132,0,0,2026-09-25 seek profile benchmark (408 moves x speeds; every frame verified),v1_balanced/standalone/seek_u16_u8_step_int.asm,735187469e09c7f7a85c47de5b429c430fbca274e84398449fc9ab04be3a4545
seek_u8_u8_init,MATH_SEEK8_INIT,v2_pareto_fast,543.965482,137,888,14,0,2026-09-25 seek profile benchmark (408 moves x speeds; every frame verified),v2_pareto_fast/standalone/seek_u8_u8_init.asm,a66061e715312a2cb931ebf7a7750152575fefb68ee130af517785355d063d1a
seek_u8_u8_step,MATH_SEEK8_STEP,v1_balanced,87.136511,77,91,0,0,2026-09-25 seek profile benchmark (408 moves x speeds; every frame verified),v1_balanced/standalone/seek_u8_u8_step.asm,bc95e51a07037638efce4781f5e78022768974dc588506c79ecff538d88fbc27
seek_u8_u8_step1,MATH_SEEK8_STEP1,v1_balanced,65.953959,54,69,0,0,2026-09-25 seek profile benchmark (408 moves x speeds; every frame verified),v1_balanced/standalone/seek_u8_u8_step1.asm,47bb3c6363651476e64a67ce35d3b17016802593bb5b0bde78c40d5d59fc31df
seek_u8_u8_step_int,MATH_SEEK8_STEP_INT,v1_balanced,70.992770,61,74,0,0,2026-09-25 seek profile benchmark (408 moves x speeds; every frame verified),v1_balanced/standalone/seek_u8_u8_step_int.asm,ad20504dc6fd3a0fcfd5bec02cb67c98e97d2903a35808dcc762d0501b912b15
sin_u8_s8,MATH_SIN8,v1_balanced,23.000000,23,23,0,0,current exhaustive/profile game-math benchmark,v1_balanced/standalone/sin_u8_s8.asm,714a92fec011622d94fa093149cb5ed7b98ef1814bb7f80e04adadd4933b8d4d
sincos_u8_s8_s8,MATH_SINCOS8,v2_pareto_fast,31.000000,31,31,0,0,current exhaustive/profile game-math benchmark,v2_pareto_fast/standalone/sincos_u8_s8_s8.asm,27eb6b40efb28d54055c09bfb494a07c71b9cd0e6ef1e674b31e6266c0850db5
